기사날짜,기사제목,네이버 뉴스 url,기사내용
2023.04.17.,"카카오, 하이브와 협력 시작…SM 아티스트 위버스에 입점",https://n.news.naver.com/mnews/article/003/0011806843?sid=105,"기사내용 요약올 하반기까지 순차적으로 아티스트별 공식 커뮤니티 오픈카카오-카카오엔터-SM-하이브 논의 사업 협력 일환카카오-카카오엔터테인먼트, SM엔터테인먼트는 하이브의 글로벌 팬덤 플랫폼 ‘위버스(Weverse)’에서 SM엔터테인먼트 아티스트들의 공식 커뮤니티를 오픈한다고 17일 밝혔다.(사진=카카오엔터) *재판매 및 DB 금지[서울=뉴시스]최은수 기자 = 카카오엔터테인먼트는 하이브의 글로벌 팬덤 플랫폼 ‘위버스(Weverse)’에 SM엔터테인먼트 아티스트들의 공식 커뮤니티를 오픈한다고 17일 밝혔다. 이는 지난 3월 카카오와 카카오엔터테인먼트, SM엔터테인먼트, 하이브가 논의한 사업 협력의 일환이다.SM엔터테인먼트는 올 하반기까지 순차적으로 위버스에 소속 아티스트별 공식 커뮤니티를 오픈하고, 팬 소통과 미디어 콘텐츠 제공 등 다채로운 서비스를 통해 글로벌 팬덤과 소통한다. 또한, 앨범과 공식 상품 등을 구매할 수 있는 커머스 플랫폼 위버스샵에도 함께 입점하며, 글로벌 공식 팬클럽도 위버스의 ‘멤버십’ 서비스를 통해 운영될 예정이다. SM엔터테인먼트는 기존의 1:1 프라이빗 메신저 팬덤 플랫폼 버블(bubble)에 더해 위버스 공식 커뮤니티 오픈을 통해 전세계 팬들과의 소통을 한층 강화할 전망이다. 버블로 아티스트와 팬이 마치 개인 메시지를 주고 받는 듯 긴밀하게 소통하는 것은 물론, 위버스를 통해 커뮤니티 서비스부터 팬들을 위한 미디어 콘텐츠 제공과 아티스트 공식 상품을 판매하는 커머스 서비스까지 더해 세계 전역의 팬들과 더욱 폭넓게 소통하며 교감할 수 있을 것으로 기대하고 있다.카카오는 SM엔터테인먼트와 사업 시너지를 구체화하기 위한 논의에 박차를 가하고 있다. 카카오 측은 ""카카오와 카카오엔터테인먼트, SM엔터테인먼트는 각 사의 사업 경쟁력을 융합한 시너지로 K팝, K엔터테인먼트의 새로운 가능성을 열며, K컬처의 지속적인 성장과 글로벌 위상 제고를 위해 힘을 모을 것”이라고 밝혔다．"
2023.04.17.,"카카오·SM, 하이브와 '팬덤 플랫폼' 협업에 나선 이유",https://n.news.naver.com/mnews/article/293/0000043453?sid=105,"카카오와 SM 엔터테인먼트(이하 SM)가 하이브와 팬덤 플랫폼 협업에 나섰다. 이는 SM 소속 아티스트들의 글로벌 소통을 더욱 강화하기 위한 노력으로 풀이된다.경기도 성남시에 위치한 카카오 판교 아지트. (사진=카카오)카카오는 17일 SM 소속 아티스트들이 하이브의 글로벌 팬덤 플랫폼 '위버스'에 순차적으로 공식 커뮤니티를 오픈한다고 밝혔다. 구체적인 팀명은 아직 공개하지 않았지만 위버스가 발표한 내용에 따르면  총 12팀이 오는 9월까지 오픈을 마칠 예정이다. SM의 자회사 디어유에서 운영하는 팬덤플랫폼 '버블'에서 활동하는 팀들이 대상이다. 카카오는 이를 통해 아티스트들이 기존보다 더 폭넓게 글로벌 팬덤과 소통할 수 있을 것이라고 기대하고 있다.SM 소속 아티스트들은 그동안 버블에서만 활동해 왔다. 버블은 '1:1 프라이빗 메신저' 기능이 강조돼 있다. 이용자인 팬 입장에서는 마치 아티스트와 개인 메시지를 주고 받는 것처럼 느껴지기 때문에 좀 더 긴밀한 관계를 쌓아갈 수 있다.반면 위버스는 공식 커뮤니티를 통해 폭넓고 다채로운 소통을 제공한다. 이용자는 아티스트가 출연하는 다양한 미디어 콘텐츠를 볼 수 있다. 또 멤버십 가입자라면 전용 콘텐츠와 상품 구매, 공연 선예매, 오프라인 이벤트 참여 기회 등 여러 독점적 혜택을 갖는다. 뿐만 아니라 앨범과 공식 상품 등을 구매하는 커머스 플랫폼 '위버스샵'을 통해 편리한 구매 환경을 누릴 수도 있다.이미 BTS, 세븐틴, 르세라핌 등 하이브 레이블 소속 아티스트는 물론 블랙핑크, 위너, 비투비 등 타 소속사 아티스트까지 약 80개 팀이 위버스에서 글로벌 팬덤과 소통을 이어가고 있다. 하이브의 2022년 4분기 실적에 의하면 위버스의 월간활성이용자수(MAU)는 840만이다. 카카오는 SM 소속 아티스트들이 위버스를 통해 세계 전역의 팬들과 더욱 폭넓게 소통하고 교감할 수 있을 것이라고 기대하고 있다.이번 협업은 지난달 카카오와 카카오엔터테인먼트, SM, 하이브가 논의한 사업 협력의 일환이다. 방시혁 하이브 의장은 SM 인수전이 마무리된 뒤 ""이번 인수에서 후퇴하면서 미래의 가장 중요한 축인 플랫폼에 관해 카카오와 협의를 통해 합의를 이끌어냈기 때문에 개인적으로는 아주 만족한다""고 밝힌 바 있다.한편 카카오는 ""카카오와 카카오엔터테인먼트, SM은 각 사의 사업 경쟁력을 융합한 시너지로 K팝, K엔터테인먼트의 새로운 가능성을 열며 K컬처의 지속적인 성장과 글로벌 위상 제고를 위해 힘을 모을 것""이라고 밝혔다."
2023.04.17.,언론인총연합회 “제평위의 좌파 폭주…네이버·카카오도 공범”,https://n.news.naver.com/mnews/article/023/0003758214?sid=102,"네이버 분당 사옥 전경./연합뉴스										대한민국언론인총연합회는 네이버·카카오의 뉴스 콘텐츠제휴사(CP) 입점 및 제재 심사를 전담하는 포털 뉴스제휴평가위원회(제평위)의 개편방향과 관련 정치적 편향성이 우려된다며 개선을 요구했다.연합회는 17일 ‘제평위의 좌파 폭주…방관하는 네이버·카카오도 공범’이라는 제목의 성명서를 통해 “네이버와 카카오의 제평위가 ‘좌파 폭주’를 선언했다”며 “제평위는 올해 7월 출범할 ‘8기 제평위’에서 심의위원회의 구성을 기존 ‘15개 단체 30명’에서 ‘18개 단체 18명’으로 개편한다는 것을 공식화했다. 추가된 단체는 한국지역언론학회, 한국여성민우회, 전국미디어센터협의회 등인데 사실상 ‘좌파 원팀’으로 봐도 무방하다”고 했다.연합회는 “이 가운데 한국여성민우회와 전국미디어센터협의회는 좌파 미디어 개혁운동 단체인 미디어개혁시민네트워크에 참여하고 있으며, 이를 주도하는 단체는 최근 더불어민주당이 방송통신위원 후보로 지명한 최민희 전 의원이 사무총장을 지낸 ‘민주언론시민연합(민언련)’”이라며 “또 한국지역언론학회는 2017년 언론적폐 청산이 지역 언론 정상화의 시작이라며 KBS 고대영, MBC 김장겸 사장에 대해 퇴진 운동을 벌인 전력이 있다”고 했다.연합회는 “이쯤 되면 그렇지 않아도 좌편향에 파당적이라는 비판까지 받아온 ‘제평위’가 올해부터는 더욱 공고하게 ‘좌파로 폭주’하겠다고 대국민 선언을 한 거나 마찬가지”라고 했다.이어 “‘제평위’의 개편안은 나아가 몰염치하기까지 하다”며 “전·현직 제평위원(심의위원) 100여 명을 풀(Pool)단으로 구성해 포털 제휴 심사를 담당하도록 하겠다고 한다. 어차피 좌파가 압도적이니 토론이나 의견교환은 요식행위에 불과할 것이고, 결국은 다수결이라는 명분으로 ‘좌파 폭주’를 합리화할 것”이라고 했다.연합회는 “이런데도 국민의 75%가 뉴스를 접하는 네이버와 카카오의 포털뉴스가 공정하게 운영될 것이라고 말할 수 있겠나?”라며 “네이버와 카카오는 좌편향 단체들이 ‘제평위’를 주무르고, ‘제평위’를 통해 좌파 헤게모니를 정당화하고, 결국 ‘제평위’를 좌파 놀이터로 만들었다는 오랜 탄식에도 여태 묵묵부답”이라고 했다.연합회는 “네이버와 카카오에게 엄중히 경고한다. ‘제평위’의 좌편향을 수수방관하고, ‘좌파 폭주’ 선언에도 침묵한다면 네이버와 카카오도 공범”이라며 “네이버와 카카오는 ‘8기 제평위’ 구성안을 즉각 폐기하라. 좌파가 장악한 현 ‘제평위’를 해체하고 균형 잡힌 새로운 위원회를 구성하라”고 했다.대한민국언론인총연합회는 지난달 6일 “왜곡된 정보를 바로 잡고, 사실과 진실에 부합하는 언론환경을 만든다”는 목표를 내걸고 공식 출범했다. 작년 12월 발족식에서 연합회는 “특히, 최근 몇 년 동안 주요 언론사에서 자행된 각종 인사 보복과 불공정 보도 등으로 언론환경을 거짓과 위선으로 뒤덮은 주요 언론사 경영진 등에 맞서, 피해 언론인들의 구제와 인권 회복에 앞장설 것”이라고 선언했다. 이어 “최근 민주노총 산하 언론노조와 현업 단체가 ‘공영방송 지배구조 개선법’이나 ‘MBC 자막 사태’ 등과 관련해 마치 전체 언론계의 일관된 입장인 것처럼 호도하는 것에 경종을 울릴 것”이라고 했다.KBS·MBC·YTN‧자유일보 등의 전현직 방송인‧기자가 참여하고 있다. 연합회는 김현우 YTN 방송노조위원장이 회장을 맡고 있고, 박영환 전 KBS 뉴스9 앵커, 정철웅 KBS 방송인연합회장, 강명일 MBC노조 비대위원장, 류제웅 전 YTN 기획조정실장, 최영재 자유일보 편집국장 등이 이사진으로 참여하고 있다. 사무처장은 김원 KBS PD가 맡고 있다"
2023.04.17.,"카카오, 카카오톡 쇼핑탭 개편 이벤트 실시",https://n.news.naver.com/mnews/article/092/0002289102?sid=105,"17~20일 진행…카카오쇼핑라이브 특집 라이브 방송카카오 커머스 사내독립법인(CIC)이 20일까지 카카오톡 쇼핑탭 개편 이벤트를 진행한다고 17일 밝혔다.카카오는 카카오톡 네 번째 탭인 쇼핑탭 개편을 맞아, 오후 5시부터 20일 자정까지 나흘간 이벤트를 실시한다. 새로워진 쇼핑탭에서 쇼핑 즐거움을 느낄 수 있도록 추가 증정, 할인 특가, 공유 이벤트 등을 준비했다.먼저 카카오쇼핑라이브에서 특집 라이브를 방송한다. 동서식품 라이브에선 카카오 단독으로 스타벅스 RTD 런치백을 선보인다. 휩드는 쇼핑라이브 출시를 기념해 선착순으로 세안밴드를 추가 증정한다.(사진=카카오)또 총 10개 주요 뷰티, 식품 대상, 라이브 방송 중 구매 시 구매 금액 3%를 카카오 쇼핑포인트로 적립해준다.인기 뷰티, 식품 기획전도 연다. 맥, 입생로랑, AHC 등 기초·색조부터 바디케어 제품까지 인기 뷰티템을 만나볼 수 있다. 달바 선크림, 베네피트 틴트, 프레쉬 핸드크림 등은 1+1 특가로 구매할 수 있다.식품 카테고리에선 가공식품과 농수산식품 등을 최대 93% 할인가로 판매하며, 쇼핑하기 내 150여 개 식품을 대상으로 선착순 10% 할인쿠폰을 제공한다.쇼핑탭 공유 이벤트도 진행한다. 카카오톡 친구들에게 쇼핑탭 개편 소식을 공유한 이용자들에 쇼핑포인트를 지급한다. 4일간 매일 3회씩 참여 가능하며, 최대 5천 포인트를 무작위로 받을 수 있다.박지영 카카오 커머스기획팀장은 “더 많은 이용자가 카카오톡 쇼핑탭을 통해 다채로운 상품과 이벤트를 만나볼 수 있길 바란다”며 “새로워진 쇼핑탭과 이번 이벤트에 많은 관심 바란다”고 했다."
2023.04.17.,"카카오엔터프라이즈, 지역 기반 스타트업 지원 시작… 1호는 ‘제주’",https://n.news.naver.com/mnews/article/366/0000894082?sid=105,"카카오엔터프라이즈 로고. /카카오엔터프라이즈 제공         카카오엔터프라이즈가 제주를 시작으로 지역 기반 스타트업 지원에 나선다고 17일 밝혔다.카카오엔터프라이즈는 이날 제주창조경제혁신센터와 지역 기업 및 기관 대상으로 클라우드 전환 및 인공지능(AI) 기반 사업화를 지원하는 업무협약(MOU)을 체결했다고 밝혔다. 제주창조경제혁신센터는 제주 지역의 스타트업 생태계 기반 마련과 창업가 육성, 지역 혁신을 중점으로 추진하는 중소벤처기업부 산하기관이다.카카오엔터프라이즈와 제주창조경제혁신센터는 이번 MOU를 통해 다양한 프로그램을 마련, 클라우드 및 AI 기반의 디지털 전환을 위한 비용 및 기술 지원, 자문 등을 제공할 예정이다.양측은 초기 스타트업 성장 지원과 혁신 기업 발굴에도 힘을 합치기로 했다. 카카오엔터프라이즈는 제주창조경제혁신센터의 300여개 보육기업과 제주 지역의 IT 기업들을 대상으로 자사 기업용 통합 클라우드 플랫폼 ‘카카오 i 클라우드’를 일정 기간 무상 지원할 계획이다. 초기 스타트업에 적합한 클라우드 및 AI 관련 교육 프로그램 및 컨설팅도 제공한다.강성 카카오엔터프라이즈 수석부사장은 “제주 지역 기업 및 기관의 디지털 전환을 돕는 디딤돌 역할을 하게 돼 뜻깊다”며 “해외 클라우드와 비교해도 손색없는 기술력과 쉬운 사용성이 강점인 카카오 i 클라우드를 필두로 기업 규모와 지역에 상관없이 모두가 쉽고 간편하게 클라우드와 AI 기술을 활용할 수 있도록 계속해서 지원 방안을 모색할 것”이라고 했다.이병선 제주창조경제혁신센터장은 “제주의 테크 스타트업들이 받을 수 있는 지원의 폭이 더욱 넓어지기를 기대한다”며 “카카오엔터프라이즈와 다양한 오픈이노베이션 사업을 연계해 클라우드와 인공지능 기반 혁신과제 발굴에도 앞장설 것”이라고 했다."
2023.04.17.,"카카오엔터-스토리작, 스토리텔링 교육 프로그램 마련",https://n.news.naver.com/mnews/article/001/0013886054?sid=105,"'스토리텔링 글로벌 캠퍼스' 지원자 모집…전문가 강연에 작품 집필까지 지원카카오페이지-스토리작, 스토리텔링 글로벌 캠퍼스[카카오페이지 웹사이트 갈무리]    (서울=연합뉴스) 김경윤 기자 = 카카오엔터테인먼트와 대원미디어 자회사 스토리작이 웹툰·웹소설 스토리 지적재산(IP) 확보를 위해 새로운 교육 프로그램을 진행한다.    17일 웹툰업계에 따르면 카카오페이지와 스토리작은 웹툰·웹소설 스토리 작가 지망생을 대상으로 '스토리텔링 글로벌 캠퍼스' 학생을 공개 모집하고 있다.    지망생들을 모아 업계 전문가들의 강연을 제공하고 작품 집필까지 돕는 프로그램이다.    그간 웹툰 플랫폼·스튜디오가 공모전을 통해 신인 작가를 발굴하고 새로운 IP를 확보해온 바 있지만, 이처럼 교육 프로그램을 진행하는 것은 이례적이다.    지원자는 본인이 창작한 웹소설 1만자(2편) 분량을 다음 달 14일까지 제출하면 된다.    이 가운데 40∼50명을 뽑아 스토리작과 작품계약을 먼저 진행한 뒤 교육 프로그램을 무료로 제공한다.    합격자는 일본 인기 만화 '드래곤볼'을 발굴·육성한 토리시마 카즈히코 슈에이샤(集英社) 만화 잡지 '소년 점프' 편집장을 비롯해 일본 인기 만화 '주술회전'의 극장판 애니메이션을 만든 박성후 감독, 웹툰 '이태원 클라쓰'를 그린 광진 작가 등의 강연을 들을 수 있다.    또 웹소설 '보이스피싱인데 인생역전'을 쓴 장탄 작가, '도굴왕'의 산지직송 작가, '레벨업하는 몬스터'의 지갑송 작가, '검술명가 막내아들'의 황제펭귄 작가가 강사로 나선다. 강의는 6월 24일부터 8월까지 매주 토요일 진행된다.    heeva@yna.co.kr"
2023.04.17.,"'SM 인수' 카카오, 깐깐한 기업결합 심사 받는다",https://n.news.naver.com/mnews/article/011/0004180027?sid=101,"공정위 개정안 이달중 행정예고플랫폼 이종결합 일반심사 전환카카오-SM 심사 장기화 관측도[서울경제] 공정거래위원회가 플랫폼 기업의 ‘문어발식 확장’을 막기 위한 기업결합 심사 기준 개정 작업 막바지에 들어갔다. 이에 따라 조만간 SM과의 기업결합 신고서를 제출하는 카카오(035720)는 더 깐깐한 심사 기준을 적용받게 됐다.17일 관계 부처에 따르면 공정위는 플랫폼 기업의 특성을 반영한 ‘기업결합 심사기준 개정안(고시)’을 이달 중 행정예고한다. 이달 25일까지 SM과의 기업결합을 신고해야 하는 카카오는 심사에서 개정된 기준을 적용받게 된다. 카카오 측은 이번 주 공정위를 방문해 기업결합 신고 관련 논의를 하는 것으로 알려졌다.개정안의 핵심은 플랫폼이 인수합병(M&A)으로 지배력을 과도하게 확장하지 못하도록 새로운 업종으로 진출할 때의 경쟁 제한 효과를 더 엄격하게 따져보는 것이다. 시장을 획정할 때는 플랫폼의 양면성을, 시장 집중도를 평가할 때는 매출액 외 이용자 수 등 다양한 변수를 고려하게 된다. 대부분 ‘간이 심사’로 처리되던 플랫폼 기업의 이종(異種) 혼합형 기업결합은 원칙적 ‘일반 심사’로 전환한다.특히 카카오의 SM 인수에서는 혼합결합이 개정된 기준의 영향을 받을 것으로 보인다. 기업결합은 사업 영역이 비슷한 회사 간의 ‘수평결합’, 생산·유통 과정에서 인접 단계에 있는 회사 간 ‘수직결합’, 다른 업종의 회사 간 ‘혼합결합’으로 나뉜다.카카오가 SM을 인수한 뒤 소속 연예인의 이모티콘을 만들어 카카오톡으로 유통하거나 ‘카카오프렌즈’처럼 관련 상품을 생산해 카카오톡 선물하기 등 유통 채널로 판매하는 것이 혼합결합의 사례다. 한기정(사진) 공정거래위원장은 “플랫폼들의 혼합결합으로 인한 진입장벽 증대 효과, 지배력 전이 가능성 등을 엄밀하게 검토할 것”이라고 밝히기도 했다.카카오 기업집단 내 계열사 숫자가 워낙 많아 일일이 관련 영향을 따져봐야 한다는 점도 이번 심사의 난제다. 지난해 말 기준 카카오의 국내 계열사는 127개로 대기업집단 중 SK 다음으로 많았다. 음원 스트리밍 서비스와 음반 유통 사업을 영위하고 있는 카카오가 SM 인수로 음반 제작부터 유통까지 수직 계열화를 완성한다는 점도 심사의 주요 쟁점이다. 통상 기업결합 심사에는 6개월에서 1년이 소요되지만 카카오·SM 심사는 더 장기화할 수 있다는 관측도 나온다."
2023.04.17.,애플 앱스토어에서 '카카오페이 카드결제' 된다,https://n.news.naver.com/mnews/article/421/0006752161?sid=105,"카카오페이 통해 애플 앱스토어에서 '카드결제' 가능 (카카오페이 제공)(서울=뉴스1) 오현주 기자 = 이제 카카오페이(377300)를 통해 애플 '앱스토어'에서 카드로 결제할 수 있게 됐다. 카카오페이는 지난달 20일 앱스토어 내 카카오페이 카드결제 시스템을 도입했다고 17일 밝혔다. 카카오페이는 2019년 7월부터 앱스토어 내 결제 서비스를 제공해왔다. 다만 카카오페이와 연결된 금융 계좌에 충전해 쓰는 '카카오페이 머니' 형태였다. 이번 카드결제 시스텝 도입으로 사용자들은 △선·직불 혼합형 결제 카드 '카카오페이머니카드' △포인트 적립 특화 '카카오페이신용카드' △카카오페이 결제수단으로 등록된 카드를 통해 결제 가능하다.카카오페이는 이달 30일까지 카드결제 론칭 기념 프로모션도 진행한다. 애플 앱 스토어에서 최근 3개월간 결제 이력이 없는 신규 또는 휴면 사용자는 결제시 선착순 10만 명에 한해 최대 5000원 캐시백을 받을 수 있다. 카카오페이 측은 ""카카오페이 카드결제를 통해 사용자들이 더 쉽고 간편하게 결제할 수 있길 바란다""며 ""앞으로도 온라인 및 앱 스토어의 편리한 결제를 위해 사용처를 넓혀나갈 예정""이라고 말했다."
2023.04.17.,"카카오게임즈, 장애인 게임 접근성 향상 위한 보조기기 지원 사업",https://n.news.naver.com/mnews/article/009/0005117523?sid=105,"서울·경기 거주 장애인 30명다음달 12일까지 신청서 접수카카오게임즈는 자사가 국내 최초로 시작한 ‘장애인 게임 접근성 향상을 위한보조기기 지원 사업’의 지원 희망자를 모집한다고 17일 밝혔다.지원 대상은 온라인 게임을 희망하는 서울시 및 경기도 거주 지체·뇌병변 장애인으로, 지원 희망자는 오는 5월 12일까지 경기도재활공학서비스연구지원센터 또는 아름다운재단 홈페이지에서 신청서 등 관련 서류 다운로드 및 작성한 후 센터 이메일로 제출하면 된다.1차 서류 심사 결과는 다음달 26일 센터 홈페이지와 개별 연락을 통해 공지되며, 이후 공학전문가의 1대 1 면담 및 게임 보조기기 활용성 평가를 거쳐 7월중 최종 지원자를 선정할 예정이다. 게임 보조기기 활용성 평가는 지원자의 장애 유형과 정도 등을 고려해 현재 상용되고 있는 게임 보조기기 활용 정도를 평가하는 것이다.이번에 제공되는 장애인 게임 보조기기에는 △보조기기 입력장치(키보드, 마우스, 스위치 등 PC, 태블릿, 휴대폰 연동 기기) △보조기기 보조장치(팔받침대, 거치대, 액세서리 등 기기 사용 보조) △자세 유지장치(책상, 의자, 랩보드, 벨터 등 기기 사용을 위한 자세 보조) 등이 포함된다.카카오게임즈 관계자는 “신체적, 환경적 요인으로 게임 접근이 어려운 장애인에 대한 보다 실질적이고 체계적인 지원을 통해 게임문화 사각지대 해소 및 가치 확산에 기여하고자 한다”고 말했다.한편 ‘장애인 게임 접근성 향상을 위한 보조기기 지원 사업’은 카카오게임즈가 아름다운재단, 국립재활원, 경기도재활공학서비스연구지원센터와 협력해 장애인들에게 보다 전문적인 맞춤형 게임 보조기기를 지원하고 사용법 및 관리방안 교육을 제공해 실질적 게임 접근성 향상을 도모하는 사회공헌 사업이다. 카카오게임즈는 이번 사업에 1억원을 후원하며 사업이 체계적으로 이뤄질 수 있도록 적극 지원해 나갈 계획이라고 전했다."
2023.04.17.,[초점] 도용 논란 끊이질 않는 ‘카카오VX’,url없음,<네이버 기사 없음>
2023.04.17.,"안동시-카카오, 초정밀 대중교통 정보 제공 업무협약 체결",url없음,<네이버 기사 없음>
2023.04.17.,"SM 아티스트, 9월까지 위버스 합류… 카카오·하이브 협력 시작",https://n.news.naver.com/mnews/article/366/0000894068?sid=101,"SM엔터테인먼트(에스엠) 아티스트 12팀이 팬덤 플랫폼 ‘위버스’에 입점한다.17일 SM과 위버스 측에 따르면 SM은 하이브의 팬덤 플랫폼 위버스에 올 9월까지 소속 아티스트 12팀의 공식 커뮤니티를 오픈하고, 위버스의 ‘멤버십 서비스’를 통해 글로벌 공식 팬클럽을 운영할 방침이다.SM엔터테인먼트 소속 여성 아이돌 그룹 '에스파'가 지난달 26일 서울 송파구 잠실실내체육관에서 열린 첫 콘서트에서 공연을 하고 있다. 기사와는 관련이 없음. /SM엔터테인먼트 제공        SM 소속 아티스트들은 기존에 이용하던 SM의 팬 커뮤니티 플랫폼 ‘광야클럽’에서 위버스로 이동한다. 위버스에서 팬 소통과 미디어 콘텐츠, ‘위버스 라이브’를 활용한 영상 라이브 등을 활용할 수 있다.SM은 앨범 및 MD 구매가 가능한 커머스 플랫폼 ‘위버스샵’(Weverse Shop)에도 입점한다. 향후 SM이 출시하는 앨범 및 MD 등은 ‘에스엠타운 앤드스토어’(SMTOWN &STORE) 및 기존 판매사이트와 더불어 위버스샵에서도 판매한다.이번 SM의 위버스 입점은 지난 3월 하이브와 카카오, SM 간 사업 협력 논의의 후속조치다. 위버스는 멤버십 서비스 등 종합적인 서비스를 통해 아티스트와 팬덤 모두에게 편리한 플랫폼 이용 환경을 제공할 계획이다."
2023.04.17.,[Who Is ?] 김성수 카카오엔터테인먼트 대표이사,url없음,<네이버 기사 없음>
2023.04.17.,"""이 시리즈 봤어?"" 넷플릭스 화제작, 알고보니 카카오엔터 작품",https://n.news.naver.com/mnews/article/014/0004998276?sid=103,"작년 비영어권 시청시간 1위사내맞선·수리남·종이의집모두 카카오엔터가 기획·제작미디어부문 매출 47% 뛰어멀티 스튜디오 체제 빠르게 도입진출 3년만에 가파르게 성장송중기 주연 영화 '화란' 등올해도 기대작 줄줄이 대기 수리남 종이의 집:공동경제구역 사내맞선'사내맞선' '수리남' '종이의집:공동경제구역' 등 지난해 넷플릭스 비영어권 TV 시리즈 시청시간 1위에 오른 한국 드라마 6편 중 3편이 카카오엔터테인먼트가 기획·제작한 작품이었다. 칸영화제에 초청돼 배우 송강호에게 남우주연상을 안긴 '브로커'와 이정재의 감독 데뷔작 '헌트' 역시 산하 제작사 영화였다. 올해는 송중기·홍사빈 주연의 '화란'이 제76회 칸영화제 주목할만한 시선 부문에 초청돼 내달 프랑스 칸으로 향한다.   ■카카오엔터, 미디어 사업서 두각   카카오엔터테인먼트가 스토리(웹툰·웹소설)·미디어(영화·드라마)·뮤직 사업의 시너지를 본격화하며 성장세를 기록 중이다. 특히 미디어 부문이 멀티 스튜디오 체제를 기반으로 글로벌 콘텐츠 시장에서 두드러진 성과를 거뒀다. 미디어부문은 2021년 2804억원에서 2022년 4123억원을 기록하며 전체 매출이 47% 성장했다. 특히 2022년 전체 매출 중 글로벌 매출이 22%를 차지하는 1052억원을 기록했다. 이는 2021년 618억원 대비 70%나 늘어난 수치다.   카카오엔터가 미디어사업 진출 후 약 3년 만에 해외 시장에서 가파르게 성장한 비결은 글로벌 콘텐츠업계 트렌드인 멀티 스튜디오 체제를 발 빠르게 도입한 덕이 크다.   서울대경영전문대학원의 유병준 교수 연구팀은 지난 2월 한국경영학회 학술지 '코리아 비즈니스 리뷰'에 발표한 '디지털 플랫폼 기업 M&A 전략의 경제·사회적 효과 분석: 카카오엔터테인먼트의 사례를 중심으로'에서 ""멀티 스튜디오 시스템을 갖추게 되면, 콘텐츠 이용자들에게 더욱 방대한 양질의 디지털 콘텐츠를 제공하는 효익뿐만 아니라, 자회사들에게 기업 차원의 영업이익 효익을 부과하기도 한다""고 평했다.   카카오엔터는 영화사월광, 사나이픽처스, 바람픽쳐스, 영화사집, 글앤그림미디어 등 업계 주목할 제작사들을 산하에 두고 있다. 지난해 카카오엔터의 재정·행정적 지원에 힘입어 콘텐츠 제작 자회사 중 4개사가 흑자전환에 성공했다. 사나이픽처스는 해외 144개국 선판매한 영화 '헌트', 메가몬스터는 올해 시즌2 공개를 확정한 '소방서 옆 경찰서' 시즌1의 활약으로 흑자 전환에 성공했다. '경성크리처' 시즌 1, 2를 제작하고 있는 글앤그림미디어와 '연예인 매니저로 살아남기'를 제작한 바람픽쳐스 역시 매출 상승 폭이 컸다.   ■드라마, 영화, 예능 기획·제작 확대   카카오엔터의 미디어 부분은 올해도 성장을 예고했다. 지난해 총 15편의 작품을 선보였다면 올해는 2배에 달하는 약 30편의 드라마, 영화를 기획·제작한다.   송중기 주연 영화 '화란'을 비롯해 박서준('경성크리처'), 박은빈('무인도의 디바'), 지창욱('최악의 악') 등 글로벌 스타가 출연하는 작품이 라인업에 올랐다. 특히 넷플릭스 시리즈로 공개 예정인 '경성크리처'는 카카오엔터 본사와 자회사들의 탄탄한 시너지가 돋보이는 작품이다. 크리에이터그룹 글LINE 강은경 작가가 집필하고, 카카오엔터 산하 글앤그림미디어 제작·카카오엔터가 공동제작을 맡은 작품으로 카카오엔터 산하 매니지먼트사인 어썸이엔티 소속 배우 박서준이 출연하는 기대작이다. 시즌1 공개 전 이미 시즌2 제작이 확정됐다. 디즈니플러스 통해 공개될 드라마 '최악의 악'은 바람픽쳐스와 사나이픽처스 두 자회사가 힘을 합쳤다.   영화 시장에서는 활발한 글로벌 선판매가 기대된다. 영화 '크로스', '화란', '엑시던트(가제)', '야행(가제)' 등이 관객과 만난다. 올해 '피지컬: 100' 등의 K예능이 넷플릭스 1위를 달성하며 주목받는 가운데, 카카오엔터는 '좀비버스' 등의 글로벌향 예능도 선보인다.   ■디지털 플랫폼 기업의 M&A 전략   한국의 콘텐츠산업은 한국경제의 게임체인저로 주목받고 있다. 지난 1월 문화체육관광부가 발표한 '2021년 콘텐츠 산업조사'에 따르면 콘텐츠산업 수출액은 가전(86억달러), 전기차(69억달러)를 넘어 124억달러를 기록했다. 문체부는 오는 2027년까지 2배(250억달러) 성장을 기대 중이다. 하지만 해외 콘텐츠 공룡 기업과 경쟁해야하는 상황은 녹록치 않다. K팝 업계에서는 국내 K팝 기업의 세계 음악시장 점유율이 2% 미만에 불과하다며 '콘텐츠업계 삼성·현대 출현'의 필요성을 제기했다.   서울대 유병준 교수 연구팀은 ""디지털 플랫폼 기업의 M&A 전략을 새로운 관점에서 바라봐야 한다""고 말했다. 연구팀은 ""디지털 플랫폼의 M&A는 형태적으로는 기업 집단이지만, 플랫폼 이용자들에게 제공하는 서비스의 다양성을 확보하고, 높은 사업 간 연결성을 바탕으로 사업 경쟁력을 확보하고, 이용자의 서비스 이용편의를 높이는 데 목적이 있다는 차이가 있다""고 짚었다. 이에 디지털 플랫폼 기업의 전략적 투자가 문어발식 몸집 늘리기로 오해받고 있는 상황에 우려를 표하며 ""이러한 오해가 해소되어야 한다""며 ""아울러 국내 디지털 콘텐츠 기업들이 해외 빅테크 기업들과 경쟁할 수 있도록 제도적 개선 역시 필요하다""고 주장했다. #카카오 #영화 #드라마 #K콘텐츠 #콘텐츠산업 #카카오엔터테인먼트"
2023.04.17.,"안동시, 카카오와 손잡고 전국 7번째 초정밀 대중교통 정보 제공",url없음,<네이버 기사 없음>
2023.04.17.,"특허법원 “골프존 특허 침해한 카카오VX·에스지엠, 33억원 손해배상 해라”",https://sports.news.naver.com/news.nhn?oid=117&aid=0003719872,<구조 다름>
2023.04.17.,"카카오-SM엔터, 하이브 팬 플랫폼 '위버스' 커뮤니티 오픈",url없음,<네이버 기사 없음>
2023.04.17.,"대구시, ABB전용펀드 조성… 카카오와 협업모델 구축",https://n.news.naver.com/mnews/article/088/0000809337?sid=101,"대구시 ABB산업 육성 박차시-이수-에코프로 17일 'ABB벤처펀드 조성·운용 업무 협약'19일에는 '빅테크기업 협력 유망기업 사업화 지원' 설명회대구시가 17일 이수창업투자, 에코프로파트너스, 대구디지털혁신진흥원(DIP)과 'ABB벤처펀드 조성·운용 업무 협약'을 체결했다. 대구시 제공대구시가 전용펀드 조성과 빅테크기업 협력 모델 구축 등으로 ABB(인공지능, 빅데이터, 블록체인)산업 육성에 박차를 가한다.대구시는 17일 이수창업투자, 에코프로파트너스, 대구디지털혁신진흥원(DIP)과 ABB벤처펀드 조성·운용 업무 협약을 맺고 'ABB벤처펀드'를 조성했다고 밝혔다.120억원 규모로 대구시가 기획한 창투사(VC) 연계형 펀드다. 지역에서 만든 ABB산업 전용펀드로는 지난해 11월 조성한 234억원 규모 'ABB성장펀드'에 이어 두 번째다.출자금은 대구시 40억원, 인쇄회로기판(PCB) 생산기업 ㈜이수페타시스 29억원, 이차전지 배터리 기업 ㈜에코프로이노베이션 29억원, 운용사 22억원으로 나뉜다. 운용사는 지난달 공모 절차를 거쳐 4개 응모사 가운데 이수창업투자와 에코프로파트너스로 선정했다.대구시는 올해부터 4년 분납으로 매년 10억원을 출자한다. 시 출자금 2배수인 80억원은 대구 내 ABB 중소벤처기업으로, 나머지는 다른 지역의 관련 기업에 돌아갈 것으로 보인다. 대구시는 지역 기업 10개사 정도가 투자를 받을 것으로 보고 있다.대구시와 참여 기업은 지역 ABB산업 육성을 위한 투자 생태계 기반을 형성하는 데 협력하기로 했다. 2개 운용사의 경우 대구에 지점을 개소해 기업을 발굴·지원하고 다른 지역의 유망 기업도 유치할 계획이다.펀드 출자자인 이수 그룹과 에코프로 그룹도 ▷지역 산·학·연 협력 인력양성 사업 ▷지역 ABB기업과의 오픈 이노베이션 사업 등을 구상하고 있다. 대구시는 2026년까지 ABB산업 전용펀드를 1천억원 이상 규모로 조성한다는 목표에 따라 올해 신규 펀드를 1~2개 추가 조성, 총 400억원 규모로 확대할 방침이다.아울러 대구시는 지역 ABB 기업과 국내 빅테크기업 협업모델 구축도 추진한다. ㈜카카오와 ㈜한국신용데이터 등이 참여하는 '빅테크기업 협력 유망기업 사업화 지원사업'이다.참여 기업은 기업당 1억원을 지원받아 빅테크기업이 제시한 3개 과제를 개발하는 '과제해결형', 기업당 사업화자금 7천만원으로 고객서비스, 예약·주문 등 기존 서비스 2개 분야에 대한 새 서비스를 창출하는 '과제발굴형' 등 2가지 과제를 수행하게 된다. 이와관련해 대구시는 오는 19일 사업 설명회를 개최할 예정이다."
2023.04.17.,"카카오페이, 애플 앱스토어 카드결제 시스템 도입",url없음,<네이버 기사 없음>
2023.04.17.,"카카오, 하이브와 사업 협력 ‘위버스’서 SM 아티스트 공식 커뮤니티 오픈",https://n.news.naver.com/mnews/article/609/0000713767?sid=106,<구조 다름>
2023.04.17.,"카카오, 하이브와 사업 협력 본격화...SM, '위버스'서 공식 커뮤니티 오픈",url없음,<네이버 기사 없음>
2023.04.17.,"카카오게임즈, 장애인 게임 접근형 향상 보조기기 지원 희망자 모집",url없음,<네이버 기사 없음>
2023.04.17.,"카카오·하이브 협업 본격화된다…SM 소속 아티스트, 하이브 '위버스' 입점",url없음,<네이버 기사 없음>
2023.04.17.,"카카오게임즈, 장애인 게임 접근성 향상 나서…보조기기 희망자 모집",url없음,<네이버 기사 없음>
2023.04.17.,카카오-하이브 협력 스타트… '위버스'서 SM엔터 공식 커뮤니티 오픈,url없음,<네이버 기사 없음>
2023.04.17.,"카카오, 하이브와 본격 사업 협력…“위버스 내 SM 커뮤니티 개설”",url없음,<네이버 기사 없음>
2023.04.17.,"카카오CIC, 4일간 카카오톡 ‘쇼핑탭’ 개편 프로모션 진행",url없음,<네이버 기사 없음>
2023.04.17.,"카카오-SM, 하이브 '위버스'서 SM 아티스트 공식 커뮤니티 개설",url없음,<네이버 기사 없음>
2023.04.17.,"골프존, 특허 무단사용 카카오VX·SGM에 손해배상 판결 선고",url없음,<네이버 기사 없음>
2023.04.17.,"SM, 올 하반기 위버스 입점…카카오·하이브 사업 협력 시작",https://n.news.naver.com/mnews/article/311/0001582020?sid=106,<구조 다름>
2023.04.17.,"카카오페이, 애플앱 스토어 카드결제시스템 도입",url없음,<네이버 기사 없음>
2023.04.17.,"카카오게임즈, 보조기기 지원 사업 희망자 모집… ""장애인 게임 접근성 향상""",url없음,<네이버 기사 없음>
2023.04.17.,"카카오페이, 애플 앱스토어 카드결제 도입",url없음,<네이버 기사 없음>
2023.04.17.,"카카오게임즈, 장애인 보조기기 지원 사업 희망자 모집",url없음,<네이버 기사 없음>
2023.04.17.,"카카오VX, 골프존에 19억 배상해야..특허기술 침해 판결 선고",url없음,<네이버 기사 없음>
2023.04.17.,"카카오게임즈, ‘장애인 게임 접근성 향상을 위한 보조기기 지원 사업’ 희망자 모집",https://n.news.naver.com/mnews/article/009/0005117391?sid=105,"카카오게임즈는 ‘장애인 게임 접근성 향상을 위한 보조기기 지원 사업’ 희망자를 모집한다.카카오게임즈(대표 조계현)는 ‘장애인 게임 접근성 향상을 위한 보조기기 지원 사업’의 지원 희망자를 모집한다고 17일 밝혔다.지원 대상은 온라인 게임을 희망하는 서울시 및 경기도 거주 지체·뇌병변 장애인으로 지원 희망자는 5월 12일까지 경기도재활공학서비스연구지원센터(이하 센터) 또는 아름다운재단 홈페이지에서 신청서 등 관련 서류 다운로드 및 작성 후, 센터 이메일로 제출하면 된다.1차 서류 심사 결과는 5월 26일 센터 홈페이지와 개별 연락을 통해 공지된다.이후 공학전문가의 1:1 면담 및 게임 보조기기 활용성 평가를 거쳐 7월중 최종 지원자를 선정할 예정이다.이번에 제공되는 장애인 게임 보조기기에는 ▲보조기기 입력장치(키보드, 마우스, 스위치 등 PC, 태블릿, 휴대폰 연동 기기) ▲보조기기 보조장치(팔받침대, 거치대, 액세서리 등 기기 사용 보조) ▲자세 유지장치(책상, 의자, 랩보드, 벨터 등 기기 사용을 위한 자세 보조) 등이 포함된다."
2023.04.17.,"카카오게임즈, `장애인 게임 접근성 향상 보조기기 지원 사업` 희망자 모집",https://n.news.naver.com/mnews/article/029/0002795040?sid=105,"카카오게임즈는 '장애인 게임 접근성 향상을 위한보조기기 지원 사업'의 지원 희망자를 모집한다고 17일 밝혔다.지원 대상은 온라인 게임을 희망하는 서울시와 경기도 거주 지체·뇌병변 장애인이다. 지원 희망자는 내달 12일까지 경기도재활공학서비스연구지원센터 또는 아름다운재단 홈페이지에서 신청서 등 관련 서류를 내려받아 작성한 뒤 공식 이메일로 제출하면 된다.1차 서류 심사 결과는 내달 26일 센터 홈페이지와 개별 연락을 통해 공지하며 이후 공학전문가의 1:1 면담, 게임 보조기기 활용성 평가를 거쳐 7월 중 최종 지원자를 선정할 예정이다. 게임 보조기기 활용성 평가는 지원자의 장애 유형과 정도 등을 고려해 현재 상용되고 있는 게임 보조기기 활용 정도를 평가하는 것이다.이번에 제공하는 장애인 게임 보조기기는 △보조기기 입력장치(키보드, 마우스, 스위치 등 PC, 태블릿, 휴대폰 연동 기기) △보조기기 보조장치(팔받침대, 거치대, 액세서리 등 기기 사용 보조) △자세 유지장치(책상, 의자, 랩보드, 벨터 등 기기 사용을 위한 자세 보조) 등이다.카카오게임즈 관계자는 ""신체적, 환경적 요인으로 게임 접근이 어려운 장애인에 대한 보다 실질적이고 체계적인 지원을 통해 게임문화 사각지대 해소와 가치 확산에 기여하고자 한다""고 말했다."
2023.04.17.,"카카오게임즈, 장애인 게임 접근성 향상 위한 보조기기 지원 사업 희망자 모집",url없음,<네이버 기사 없음>
2023.04.17.,"카카오게임즈, 장애인 게임 접근성 지원 사업 희망자 모집",https://sports.news.naver.com/news.nhn?oid=347&aid=0000171536,<구조 다름>
2023.04.17.,카카오페이 사용처 확장세 …갤럭시워치 이어 '애플앱스토어'도 가능,url없음,<네이버 기사 없음>
2023.04.17.,"""애플 앱스토어에서 카카오페이로 카드결제 하세요""",url없음,<네이버 기사 없음>
2023.04.17.,"카카오게임즈, 장애인 게임 보조기기 지원 사업 희망자 모집",url없음,<네이버 기사 없음>
2023.04.17.,"카카오게임즈 ""장애인 게임 접근성 높인다""…보조기기 지원 희망자 모집",url없음,<네이버 기사 없음>
2023.04.17.,"카카오게임즈, 지체∙뇌병변 장애인 위한 보조기기 지원 사업 희망자 모집",url없음,<네이버 기사 없음>
2023.04.17.,"골프존, 특허 무단사용한 '카카오VX·에스지엠' 대상 최종 승소",url없음,<네이버 기사 없음>
2023.04.17.,"하이브 위버스에 SM엔터 가수 12팀 들어온다, 카카오와 협력 논의 결과",url없음,<네이버 기사 없음>
2023.04.17.,"카카오페이 ""애플 앱 스토어에서 카드 결제 가능""",url없음,<네이버 기사 없음>
2023.04.17.,"카카오게임즈, 장애인 게임 접근성 향상 위한 보조기기 지원 사업 희망자 모집",url없음,<네이버 기사 없음>
2023.04.17.,"1분기 주춤한 네이버·카카오, AI·신사업으로 성장 이어간다",url없음,<네이버 기사 없음>
2023.04.17.,"카카오, 하이브와 사업 협력 스타트...""SM엔터 아티스트 공식 팬클럽 서비스 운영""",url없음,<네이버 기사 없음>
2023.04.17.,"카카오게임즈, 장애인 게임 접근성 향상 위한 보조기기 지원 사업 희망자 모집",url없음,<네이버 기사 없음>
2023.04.17.,카카오톡 사용으로 저장공간이 부족할 땐 이렇게![이럴땐 이렇게!],url없음,<네이버 기사 없음>
2023.04.17.,"몸집 키워 좋았는데…돌아온 'M&A 청구서', 카카오·롯데쇼핑 등 수천억원대 영업권 손상",https://n.news.naver.com/mnews/article/015/0004833622?sid=101,"2020~2021년 M&A 분석국내 M&A 규모 134조 '후끈'영업권 손상 기업, 순익 악영향공격적 M&A 펼친 롯데쇼핑2004년 이후 14조원 규모 M&A롯데하이마트 3000억원 손상코로나19 확산 이후 인수합병(M&A)을 통해 몸집을 키운 기업들이 ‘영업권 손상’ 부메랑을 맞게 됐다. 영업권은 인수합병 과정에서 붙은 웃돈으로 인수 대금에서 인수 대상의 순자산 공정가치를 뺀 금액이다. 영업권이 손상됐다는 뜻은 인수 기업의 미래 현금 창출력이 떨어진다는 의미로 기업의 M&A 성적을 보여주는 셈이다. M&A로 몸집을 키운 기업의 영업권이 대거 손상되면서 기업들의 순이익에도 악영향을 끼치고 있다.○“인수할 땐 좋았는데...”16일 투자은행(IB)업계에 따르면 M&A를 무기로 성장 동력을 얻어온 기업들의 영업권 손상 규모가 커지고 있다. 미래를 바라본 기업들의 투자가 부메랑으로 돌아오고 있는 것이다. 기업은 매년 영업권 손상검사를 실시해 회수가능액이 장부가액보다 적으면 그만큼 자산에서 깎아 비용으로 덜어낸다. 영업권은 향후 현금 흐름에 대한 예측과 주가 전망 등을 반영해 결정된다.2020~2021년에 집중적으로 M&A에 나섰던 기업들의 영업권이 대거 손상된 것으로 나타났다. 2021년 국내 M&A 시장 규모는 134조1000억원에 달했다. 평년 규모가 작년(78조7000억원) 수준이라는 것을 감안하면 M&A 열기가 그만큼 뜨거웠다는 것을 알 수 있다.대표적인 곳이 카카오다. 카카오는 지난해 말 7015억원의 영업권이 손상됐다. 2021년 500대 기업 중 M&A 규모 1위를 기록한 대가가 컸다. 모바일서비스(6024억원)에서 손상 규모가 가장 컸다. 2021년 M&A 3위를 기록할 정도로 인수에 적극적이던 넷마블도 영업권 805억원이 손상됐다. 애니메이션 기업 키링, 게임운영 기업 앱스크롤스, 운동앱 티엘엑스패스 등 2020~2021년 인수한 기업의 영업권을 덜어낸 결과다. NHN도 195억원의 영업권 손상을 기록했다.현대백화점은 지난해 매트리스 기업 지누스를 7749억원에 인수하면서 생긴 영업권 3027억원 가운데 358억원이 손상됐다고 보고했다. 지누스 지난해 영업이익은 한 해 전보다 11.8% 감소한 656억원을 기록했다.스타트업을 인수한 기업의 영업권도 손상됐다. GS리테일은 지난해 1월 푸드 스타트업 쿠캣을 인수하면서 발생한 영업권 435억원 가운데 96억원이 손상됐다고 보고했다.○M&A 활발 롯데, 영업권 손상 우려영업권 손상은 손실로 기록돼 기업의 수익성을 저해한다. 공격적인 M&A로 사업 영역을 넓혀온 기업들이 가장 큰 영향을 받는다.롯데가 대표적이다. 롯데는 2004년 이후 현재까지 20여 건, 총 14조원 규모의 대형 M&A를 주도해왔다. 롯데쇼핑의 영업권은 지난해 8868억원으로 전체 자산(6조1795억원)의 14.3%를 차지할 정도다.올해는 2012년 인수한 롯데하이마트가 영업권 손상의 핵심이 됐다. 롯데쇼핑은 계열사 롯데하이마트에 대해 작년 2976억원의 영업권 손상차손을 보고했다. 롯데하이마트는 지난해 영업손실 520억원을 기록하며 창사 이래 처음으로 적자 전환할 정도로 사정이 좋지 않다. 매출도 13.8% 감소한 3조3368억원을 기록했다.롯데그룹은 M&A 붐이 일었던 2021년부터 중고나라(300억원)와 한샘(2995억원), 일진머티리얼즈(2조7000억원) 등 7개 기업을 인수했다. 올해 영업권 손상 규모가 더 커질 것이라는 우려가 나온다."
2023.04.17.,"카카오게임즈, '장애인 게임 접근성 향상' 보조기기 지원사업 희망자 모집",url없음,<네이버 기사 없음>
2023.04.17.,"카카오페이, 애플 앱스토어 카드결제 시스템 도입",url없음,<네이버 기사 없음>
2023.04.17.,"카카오게임즈, 장애인 게임 접근성 향상 위한 보조기기 지원 사업 희망자 모집",url없음,<네이버 기사 없음>
2023.04.17.,"카카오게임즈, 장애인 보조기기 지원 사업 희망자 모집…5월 12일 접수 마감",url없음,<네이버 기사 없음>
2023.04.17.,"카카오게임즈, 장애인 게임 접근성 향상 위한 보조기기 지원 사업 희망자 찾는다",url없음,<네이버 기사 없음>
2023.04.17.,"카카오페이, 애플 앱스토어 내 카드결제 시스템 도입",url없음,<네이버 기사 없음>
2023.04.17.,[#IT라운지] KT '파트너사'와 소통·U+ '에이티즈' 콘서트 생중계·카카오 '쇼핑탭' 개편 프로모션,url없음,<네이버 기사 없음>
2023.04.17.,"SM 아티스트, 하이브 팬덤 `위버스` 입점",https://n.news.naver.com/mnews/article/029/0002795029?sid=105,"카카오, 순차적 협력 관계 강조커뮤니티 개설 등 팬 소통 강화카카오와 SM엔터테인먼트, 하이브간 협력이 가시화하고 있다. SM 아티스트들이 하이브의 글로벌 팬덤 플랫폼 '위버스'에 입점한다.카카오와 카카오엔터테인먼트는 하이브의 위버스에 SM엔터테인먼트 아티스트들의 공식 커뮤니티를 연다고 17일 밝혔다.SM엔터테인먼트는 올 하반기까지 순차적으로 위버스에 소속 아티스트별 공식 커뮤니티를 개설하고 팬 소통, 미디어 콘텐츠 제공 등 서비스를 선보일 예정이다. 앨범과 공식 상품 등을 구매할 수 있는 커머스 플랫폼 위버스샵에도 입점하고, 글로벌 공식 팬클럽도 위버스의 멤버십 서비스를 통해 운영할 예정이다.이번 위버스 입점은 지난달 카카오와 카카오엔터테인먼트, SM엔터테인먼트, 하이브가 논의한 사업 협력의 일환이다. 지난달 SM엔터테인먼트 인수 전쟁을 끝내고 극적 타결을 이뤄낸 카카오와 하이브는 향후 긍정적 영향을 주고받는 협력관계를 이어가겠다고 강조한 바 있다.SM엔터테인먼트는 위버스 공식 커뮤니티 개설로 세계 팬들과의 소통을 강화할 수 있을 것으로 기대하고 있다. SM엔터테인먼트 계열사 디어유에서 운영하는 일대일 프라이빗 메신저 팬덤 '버블'은 그대로 유지한다. 버블로는 아티스트와 팬이 마치 개인 메시지를 주고 받는 듯 긴밀하게 소통하고, 위버스로는 글로벌 팬덤과 폭넓은 교감에 나서겠다는 구상이다. 위버스는 커뮤니티 서비스부터 팬들을 위한 미디어 콘텐츠 제공과 아티스트 공식 상품을 판매하는 커머스 서비스까지 아우른다.하이브 입장에서는 향후 팬덤 플랫폼 시장에서 위버스 입지를 공고히 할 수 있을 전망이다. 위버스는 현재 245개 국가·지역에 진출해 있고 커뮤니티 가입자는 약 6500만명에 달한다. 카카오는 SM엔터테인먼트와의 사업 시너지를 구체화하기 위한 논의에 박차를 가하고 있다. 카카오 측은 ""카카오와 카카오엔터테인먼트, SM엔터테인먼트는 각사의 사업 경쟁력을 융합한 시너지로 K팝, K엔터테인먼트의 새로운 가능성을 열며 K컬처의 지속적인 성장과 글로벌 위상 제고를 위해 힘을 모을 것""이라고 말했다."
2023.04.17.,경북 관광 패키지 상품 97개 출시…봄맞이 30% 특별 할인,https://n.news.naver.com/mnews/article/001/0013884438?sid=102,"경북 관광 명소[경북도 제공. 재판매 DB 금지]    (안동=연합뉴스) 이승형 기자 = 경북도는 패키지 관광상품 97개를 출시하고 봄맞이 특별할인 프로모션으로 30% 할인 판매한다고 17일 밝혔다.    다음 달 3일까지 경북 여행몰과 쿠팡, 11번가, G마켓, 옥션, 네이버 스마트스토어, 톡스토어(카카오)에서 구매할 수 있다.    패키지 상품은 이색 숙박시설과 연계한 체류형을 대폭 확충하고 유아 동반 가족 여행객들을 위한 카트랜드, 철로 자전거, 꼬마열차, 4계절 썰매장 연계 상품과 요트, 윈드서핑, 스킨 스쿠버 등 수상레저 상품을 추가로 출시했다.    북부권은 유교문화와 풍부한 산림자원, 남부권은 신라 천 년 역사, 동부권은 해양관광 상품, 서부권은 액티비티와 유아 동반 가족여행 등 권역별로 특색있는 상품도 구성했다.    또 울릉도 관광패키지 상품, 안동과 영주를 연계한 유네스코 세계문화유산 상품, 의성과 안동을 연계한 펫 상품 등도 개발했다.    도는 패키지를 모바일 티켓 한 장으로 편리하게 이용할 수 있도록 했다.    도는 이와 별도로 2030년 국내 관광객 1억명, 외국인 관광객 300만명을 목표로 지역축제와 연계한 관광상품 개발, 내외국인 관광객 유치 할인 및 인센티브 지원, 웰니스·의료관광 등 다양한 사업을 추진하고 있다.    김상철 경북도 문화관광체육국장은 ""관광객 수요를 반영해 특색 있는 패키지 상품을 마련했다""고 말했다.    haru@yna.co.kr"
2023.04.17.,"로엘(RAWEL), '웰업 프레쉬케어365 구강유산균' 카카오메이커스 단독 선런칭",url없음,<네이버 기사 없음>
2023.04.17.,"골프존, 특허 무단사용 '카카오VX'와 '에스지엠' 상대 손해배상 판결 환영",url없음,<네이버 기사 없음>
2023.04.17.,경찰 5월까지 '청소년 마약범죄 첩보' 집중 수집,https://n.news.naver.com/mnews/article/214/0001266881?sid=102,"[5시뉴스]서울경찰청은 오늘부터 다음 달 말까지를 '청소년 마약 관련 범죄 첩보 집중 수집기간' 으로 정하고 학교전담경찰관과 카카오톡 채널 '스쿨벨' 등을 통해 마약 첩보를 받습니다. 수집 대상 첩보는 불법 도박사이트나 시음행사 등을 통해 청소년이 마약범죄의 피해자가 되거나, 이른바 '던지기' 수법으로 청소년을 운반책으로 이용하는 것처럼 청소년이 마약범죄의 수단이 되는 경우 등입니다.MBC 뉴스는 24시간 여러분의 제보를 기다립니다. ▷ 전화 02-784-4000▷ 이메일 mbcjebo@mbc.co.kr▷ 카카오톡 @mbc제보"
2023.04.17.,"카카오엔터, '크로스코믹스' 법인청산···인도사업 '타파스' 일원화",url없음,<네이버 기사 없음>
2023.04.17.,SM의 간판 NCT·에스파가 하이브 팬플랫폼으로…시동 건 K팝 플랫폼 협업,https://n.news.naver.com/mnews/article/025/0003273656?sid=101,"하이브와 카카오, SM엔터테인먼트의 플랫폼 협업 방안이 드디어 베일을 벗었다. 3사는 17일 SM 소속 아티스트 12팀이 올해 9월까지 하이브의 팬덤 플랫폼 위버스에 공식 커뮤니티를 연다고 동시에 발표했다. 이로써 지난달 SM 인수전에서 하이브가 빠지는 조건으로 받아들인 ‘플랫폼 협업’의 청사진이 드러났다.      하이브의 팬덤 플랫폼 위버스에 올해 9월까지 SM엔터테인먼트 소속 아티스트 12팀이 입점한다. 사진 하이브     ━   광야클럽에서 위버스로      SM은 위버스에 공식 팬덤 커뮤니티를 열어 팬 소통을 강화할 예정이다. 라이브 방송과 유료 동영상 등 미디어 콘텐트도 위버스를 통해 제공한다. SM은 자체 팬덤 플랫폼 광야클럽을 통해 소속 아티스트 팬 커뮤니티와 멤버십 기능을 소화해왔다. SM 관계자는 “멤버십 등 관련 기능은 추후 위버스로 이관될 예정”이라고 설명했다.      SM은 앨범 및 기획상품(MD) 구매가 가능한 하이브의 커머스 플랫폼 위버스샵에도 입점할 계획이다. 향후 SM이 출시하는 앨범과 MD 등은 에스엠타운 앤 스토어(SMTOWN&STORE) 등 기존 판매 창구와 더불어 위버스샵에서도 구매가 가능하다.      하이브는 소녀시대·엑소·NCT·에스파 등 SM의 핵심 지식재산권(IP)을 자사 플랫폼에 유치하는 성과를 거뒀다. 지난달 방시혁 하이브 의장은 SM 인수전이 마무리된 후 “미래에 중요성이 더 커질 플랫폼에 관해서 카카오와 합의를 끌어냈기 때문에 개인적으로 아주 만족한다”고 말했다.     걸그룹 에스파 등 SM 소속 아티스트들은 위버스에서 팬과 소통을 이어간다. 사진은 지난 1~2일 일본 도쿄 국립 요요기 경기장에서 공연을 펼쳤다. 사진 SM엔터테인먼트     ━   위버스-버블의 공생 시도       SM의 자회사 디어유가 운영하는 프라이빗 메신저 버블은 그대로 유지된다. 버블은 팬이 원하는 아티스트를 정기 구독하면 아티스트와 일대일 대화를 나누는 것처럼 메시지를 주고받을 수 있는 서비스다. 업계 관계자는 “버블과 위버스는 제공하는 서비스의 성격이 달라 플랫폼 공생이 가능할 것으로 보인다”고 말했다.      SM이 버블 서비스를 이어가면서 카카오와의 협력도 계속 이어질 전망이다. 현재 버블엔 SM 아티스트를 비롯해 카카오엔터테인먼트 자회사 소속 우주소녀, 몬스타엑스, 아이브 등 121팀의 아티스트가 입점해있다. 입점 아티스트 수 기준으로는 올해 1월 위버스를 넘어섰다. 유료 가입자 수는 지난해 170만명에서 올해 초 215만명으로 급증했다. 매출액도 올해 1분기 약 175억원, 영업이익은 61억원을 거둔 것으로 추정돼 지난해 동기 대비 각각 49%, 35% 증가했다. 디어유는 올해 하반기 일본 엔터테인먼트기업과 함께 일본 팬덤 플랫폼 ‘버블 포 재팬’을 출시할 예정이다.        지인해 신한투자증권 연구원은 “기존 스타들의 팬덤 확장, 카카오엔터 자회사 소속 아티스트 입점 효과, 중국 안드로이드 출시가 가입자 수 증가를 이끌었다”며 “높은 증가율은 올해 계속될 것으로 보인다”고 전망했다.     아이브는 올해 1월 SM의 프라이빗 메신저 플랫폼 버블에 입점했다. 사진은 지난 10일 컴백한 아이브의 첫 번째 정규앨범 커버. 사진 스타쉽엔터테인먼트           가입자 수와 매출액 기준 독보적 1위 팬덤 플랫폼은 위버스다. 위버스에는 방탄소년단(BTS)을 비롯한 하이브 소속 아티스트와 블랙핑크 등 YG엔터테인먼트 소속 아티스트까지 총 80팀이 입점해있다. 가입자 수는 약 5400만명에 달한다. 올해 1분기 거둔 매출액은 3787억원, 영업이익은 433억원으로 추정된다. 지난해 동기 대비 각각 33%, 17% 증가했다. K팝의 한 축인 SM 소속 가수들이 추가되면서 성장은 계속될 전망이다.          김현용 현대차증권 연구원은 “현재 위버스 월간활성이용자(MAU)는 1000만명에 육박한다”며 “2분기 중으로 미국과 일본 아티스트의 위버스 순차적 입점이 예상된다”고 분석했다."
2023.04.17.,"바다 한복판에서 카톡·유튜브…삼성, 애플과 '11조' 전쟁",https://n.news.naver.com/mnews/article/015/0004833446?sid=101,"사진=연합뉴스태평양·고비사막 한복판에서도 스마트폰으로 카카오톡을 보내고 유튜브를 볼 수 있는 시대가 열린다. ‘비지상 네트워크(NTN)’ 기술이 본격적으로 정보기술(IT) 기기에 적용되고 있어서다. 시장규모가 11조원에 이를 NTN은 사막, 바다, 산처럼 통신과 인터넷이 잡히지 않는 곳에서도 인공위성을 활용해 문자와 전화를 가능케 한 통신 시스템이다. 삼성전자는 이 시장을 놓고 애플 퀄컴 미디어텍과 격전을 벌일 전망이다.17일 시장조사업체 트렌드포스에 따르면 세계 NTN 시장 규모는 올해 49억달러(약 6조4200억원)에서 2026년 88억달러(약 11조5280억원)로 불어날 전망이다. 연평균 7%씩 성장할 것이란 예상이다. 트렌드포스는 위성 인터넷 사업이 활발하게 진행되면서 NTN 시장이 빠르게 성장할 것이라고 내다봤다.NTN 기술이 들어간 모뎀칩(모바일 기기와 PC 등의 통신 기능을 담당하는 부품)을 탑재한 스마트폰은 지상 기지국이 아니라 스타링크 위성 등과 직접 통신이 가능해진다. 기지국이 없는 사막 한복판 등에서 스마트폰으로 사진, 데이터 등을 송수신을 할 수 있다.삼성전자 시스템LSI사업부는 지난 2월 5G(5세대) NTN 표준기술을 확보했다고 발표했다. 이 기술을 삼성전자 5G 모뎀 신제품인 ‘엑시노스 모뎀 5300’에 적용해 검증도 마쳤다. 앞으로 이 기술을 적용한 모뎀칩을 스마트폰에 탑재해 상용화할 계획이다.‘아이폰14’ 시리즈에 NTN 기술을 적용했다. 퀄컴도 NTN 기술인 ‘스냅드래곤 새틀라이트’를 적용한 5G 모뎀칩 ‘스냅드래곤 X75’를 올 하반기 본격적으로 스마트폰 업체에 납품할 예정이다. 오포 샤오미 비보 등 중국 스마트폰업체들이 스냅드래곤 X75를 활용할 것으로 예상된다. 대만 미디어텍도 영국 스마트폰업체인 블리트그룹제품, 모토로라 등에 NTN 기술을 적용한 모뎀칩을 공급하는 것을 논의 중이다. 하지만 삼성전자의 NTN 기술 역량이 애플 등을 넘어선다는 평가가 많다. 스마트폰인 애플의 ‘아이폰14’ 시리즈의 경우 위성업체 미국 ‘글로벌 스타’와만 계약을 맺고 있다. 글로벌 스타의 위성만 활용할 수 있고, 위성으로 보낼 수 있는 정보가 문자 정도에 그친다. 반면 삼성전자의 NTN은 표준기술인 만큼 글로벌 스타와 스타링크 등 모든 업체의 위성을 활용할 수 있다. 여기에 위성으로 문자는 물론 사진과 영상 등 대용량 데이터를 주고받는 게 가능하다."
2023.04.17.,"SM, 하이브 팬덤 플랫폼 ‘위버스’ 입점···플랫폼 협력 시작",https://n.news.naver.com/mnews/article/032/0003217711?sid=103,"하이브의 팬덤 플랫폼 위버스. 위버스 제공SM엔터테인먼트가 하이브의 팬덤 플랫폼인 ‘위버스’에 입점한다. 지난달 하이브와 카카오가 ‘SM 인수전’을 마무리 지으며 약속한 플랫폼 협력의 일환이다.카카오·카카오엔터테인먼트와 SM엔터테인먼트는 하이브 팬덤 플랫폼 위버스에서 SM 소속 아티스트들의 공식 커뮤니티를 운영한다고 17일 밝혔다.SM은 올 하반기까지 순차적으로 위버스에 소속 아티스트별 공식 커뮤니티를 개설하고, 팬 소통과 미디어 콘텐츠 등 서비스를 제공한다. 위버스 측은 “SM 소속 아티스트 12팀이 올 9월까지 입점할 예정”이라며 구체적인 일정을 밝혔다.SM 소속 아티스트의 앨범과 공식 상품(MD)은 위버스의 커머스 플랫폼인 위버스샵에서 살 수 있게 된다. 글로벌 공식 팬클럽도 위버스의 멤버십 서비스를 통해 운영될 예정이다.SM의 기존 팬덤 플랫폼인 버블은 그대로 유지된다. 버블은 아티스트와 팬이 일대일 메시지를 주고받는 프라이빗 메신저 플랫폼이다.SM의 위버스 입점은 지난달 하이브와 카카오의 합의에 따른 것이다. 하이브는 지난달 12일 SM 인수 절차 중단을 선언하면서 카카오와 플랫폼 관련 협업을 하기로 했다고 밝혔다. 그러나 협업의 구체적인 내용이 알려지지 않으면서 여러 추측을 낳았다.하이브는 위버스를 위시한 팬덤 플랫폼을 K팝 성장동력의 한 축으로 보고 확장을 꾀하고 있다. 방시혁 하이브 의장은 지난달 15일 관훈클럽 주최로 열린 포럼에서 SM 인수 철회 결정과 관련해 “가장 중요한 미래 축인 플랫폼에 대해 카카오와 합의를 끌어냈기 때문에 아주 만족하고 있다”고 말했다. 2019년 하이브의 자회사 비엔엑스가 선보인 위버스는 국내 1위 팬덤 플랫폼이다. 현재 전 세계 245개 국가, 지역에서 총 6500만명의 가입자를 확보하고 있다. 지난해 12월에는 네이버의 팬 플랫폼인 ‘브이라이브’를 흡수했다.SM 인수에 성공한 카카오는 SM과 사업 시너지를 구체화하기 위한 논의를 진행하고 있다고 밝혔다. 카카오는 “각 사의 사업 경쟁력을 융합한 시너지로 K팝, K엔터테인먼트의 새로운 가능성을 열며 K컬처의 지속적인 성장과 글로벌 위상 제고를 위해 힘을 모을 것”이라고 말했다."
2023.04.17.,"기프트레터, 프리미엄 차량관리 서비스 소낙스 카케어 카카오톡 선물하기 쿠폰 출시",url없음,<네이버 기사 없음>
2023.04.17.,"카카오게임즈, 고여있는 MMORPG 시장 공략 쉼호흡 중",url없음,<네이버 기사 없음>
2023.04.17.,"SM아티스트, 9월까지 위버스 합류…'디어유버블·위버스' SM3.0 팬라이프 가시화",https://n.news.naver.com/mnews/article/030/0003091799?sid=105,"위버스와 디어유 버블이 SM아티스트 합류 등의 공생관계를 맺으며 글로벌 K팝 팬덤 플랫폼으로서의 새로운 확장성을 마련한다.17일 위버스와 SM, 카카오엔터테인먼트 측은 각각 공식채널을 통해 SM아티스트 12팀이 오는 9월까지 단계적으로 위버스 내 공식 커뮤니티를 오픈한다고 밝혔다.SM의 위버스 입점은 지난 3월 하이브와 카카오, SM 간 사업 협력 논의의 결과로, SM 3.0을 향한 플랫폼 비전의 다각화를 위한 포석이다.네이버로부터 양수한 ‘위버스 라이브’(구 V라이브)를 비롯한 콘텐츠 소통 채널과 위버스샵을 통한 편리한 구매 환경, 팬클럽을 위한 다양한 추가·독점 혜택을 제공하는 멤버십 서비스 등 팬라이프를 위한 원스톱 솔루션의 효율성 측면이 크게 작용한 것으로 볼 수 있다.이로써 위버스는 K팝 아티스트들을 비롯한 글로벌 팬플랫폼으로서의 상징성과 함께, 네이버-카카오 등 양대 포털과의 협업점을 갖는 K컬처 핵심코어로서의 기능을 도맡게 됐다. 이와 함께 SM의 디어유 버블은 위버스 플랫폼과의 유기적인 성격으로 팬플랫폼으로서의 확장성을 더할 전망이다.위버스는 오는 9월까지 진행될 SM아티스트들의 순차적인 합류와 함께 아티스트와 팬덤 모두에게 편리한 플랫폼 이용 환경을 제공할 계획이다.SM은 위버스 입점을 발판으로 기존의 1:1 프라이빗 메신저 팬덤 플랫폼 버블(bubble)과 연동된 다각적인 팬 소통을 지원한다.또 기존 팬 커뮤니티 플랫폼 ‘광야클럽’의 멤버십 기능을 연동적으로 운영하는 한편, 앨범 및 MD 등을 ‘에스엠타운 앤드스토어 (SMTOWN &STORE)’와 위버스샵으로 공동 판매하는 등 팬커머스 접점을 넓혀갈 계획이다."
2023.04.17.,"확 바뀐 카톡 쇼핑탭, 프로모션 띄운다",url없음,<네이버 기사 없음>
2023.04.17.,"[속보]대통령실 ""총선 차출, 민생제치고 논하는 건 국민에 예의아냐""",https://n.news.naver.com/mnews/article/079/0003760232?sid=100,"연합뉴스대통령실 ""총선 차출, 민생 제치고 논하는 것은 국민에 예의 아냐""※CBS노컷뉴스는 여러분의 제보로 함께 세상을 바꿉니다. 각종 비리와 부당대우, 사건사고와 미담 등 모든 얘깃거리를 알려주세요.이메일 : jebo@cbs.co.kr카카오톡 : @노컷뉴스사이트 : https://url.kr/b71afn"
2023.04.17.,"""삼각김밥에 컵라면? 사치네요""...MZ에 뜨는 '거지방' 정체는",https://n.news.naver.com/mnews/article/014/0004997674?sid=105,"카카오톡 오픈채팅 '거지방' 우후죽순 생겨나소비 기록 올리고, 평가받고 소통하는 콘셉트고물가·고금리 등 어려움에 짠테크도 일상화 카카오톡 오픈채팅 '거지방' 검색 결과 캡처  [파이낸셜뉴스]  #. 직장인 임다영씨(28)는 최근 '거지방'이라는 카카오톡 오픈채팅에서 활발히 활동하고 있다. 거지방이란 소소한 지출까지 채팅방에서 공유하고, 타인의 지출에 대해 평가하는 익명 채팅방이다. 임씨는 ""마라탕 사진을 올렸더니 소비조장 사진이라며 한소리 들었다""며 ""하다보니 흥미로워서 절약이 아닌 재미를 위해 계속 대화를 이어나가고 있다""고 말했다.   MZ(1980년~2000년대 초 출생) 세대 사이에서 새로운 무지출 챌린지가 뜨고 있다.   일명 '거지방'이라고 불리는 익명 커뮤니티 공간에서 자신의 소비 행위를 공개하고 서로 절약 '채찍질'을 하는 행위다. 거지방이 인기를 끌며 일종의 놀이 문화로 변화하고 있는 가운데, 고물가 시대에 씁쓸한 현상이라는 평가도 나온다.     ""스터디카페? 집에서 공부하세요"" 단호한 거지방  사회관계망서비스(SNS) 트위터 캡처. 17일 업계에 따르면 '거지방'이라는 이름의 카카오톡 오픈채팅이 우후죽순 생성되고 있다. 거지방 내용 캡처 사진이 사회관계망서비스(SNS)에 공유되면서 이 같은 인기를 끌고 있는 것으로 풀이된다. 거지방 오픈채팅은 대개 '절약', '일상', '하루살이' 등을 해시태그로 달아둬 소비를 줄이고 싶은 이용자들이 찾아올 수 있게 했다.   거지방마다 규칙은 다양하다. 보통 닉네임 옆에 해당 달에 쓴 지출 내역이나 목표 지출을 명시하도록 요구하고 있다. 또 사소한 지출이라도 공개해 해당 방 이용자들에게 평가를 받게 된다.   거지방이 활성화면서 하나의 놀이 문화에 가까워졌다는 해석도 나온다.   기자가 직접 입장해본 거지방에서는 ""스터디카페 -5000원""이라는 글이 올라오자 곧장 ""사치다. 집에서 공부하라""는 답변이 돌아왔다. ""미세먼지가 심해 택시를 타려고 한다""는 말에는 ""튼튼한 두 다리로 걷자""며 재미있는 조언을 하기도 한다. 한 거지방에 입장해 있는 윤성민씨(29)는 ""직접 메시지를 올려본 적은 없지만 구경하는 재미가 있다""며 ""다른 이용자들이 소비 사진을 올리고 혼나는 걸 보는 것만으로도 반성하게 된다""고 전했다.   다만 익명성을 기반으로 하기 때문에 과도하고 부적절한 언행으로 다수 이용자들이 불쾌감을 느끼거나 홍보성 링크가 난무할 수 있다는 지적이 따른다. 이에 대해 카카오 관계자는 ""오픈채팅은 기본적으로 이용자 신고를 바탕으로 조치를 취하고 있다""며 ""광고나 부적절한 메시지 등을 올릴 경우 관리자가 메시지 가리기를 할 수 있다""고 설명했다.     고물가 기조에 아끼자‥앱테크도 인기 높아져   거지방과 같은 문화는 최근 고물가, 고금리 기조에 영향을 받은 것으로 분석된다.   이은희 인하대학교 소비자학과 교수는 ""거지방도 무지출 챌린지의 일종인데, 스스로를 '거지'라고 표현하는 등 자조적인 성격이 담겨있다""면서도 ""그동안 '욜로'(현재 행복을 중시하는 태도)에 빠져있던 젊은 세대가 불경기를 같이 이겨내자는 데 공감해 거지방이 인기를 끌게 된 것 같다""고 분석했다.   이에 절약을 일상화하는 짠테크(짠돌이+재테크)도 보편화되고 있다. 짠테크의 일종인 앱테크(애플리케이션+재테크)의 인기가 대표적이다. 인크루트가 지난달 발표한 앱테크 참여도 설문조사(조사대상 성인남녀 1707명)에 따르면, 응답자의 75%는 현재 앱테크를 하고 있는 것으로 나타났다. 앱테크를 하고 있는 이용자들의 하루 평균 수익은 312원으로 집계됐다. 소소한 수준이지만 '티끌'이라도 모으려는 이용자들이 많은 것으로 해석된다. #카카오톡 #카카오 #지출 #채팅방 #절약 #고금리 #오픈채팅 #앱테크 #고물가 #짠테크 #거지방"
2023.04.17.,"카카오페이, Apple App Store 내 카드결제 도입",url없음,<네이버 기사 없음>
2023.04.17.,"[속보]대통령실, 野 김태효 해임요구에 ""누구에게 도움 되는 일인가""",https://n.news.naver.com/mnews/article/079/0003760172?sid=100,"연합뉴스대통령실, 野 김태효 해임요구에 ""누구에게 도움 되는 일인가""※CBS노컷뉴스는 여러분의 제보로 함께 세상을 바꿉니다. 각종 비리와 부당대우, 사건사고와 미담 등 모든 얘깃거리를 알려주세요.이메일 : jebo@cbs.co.kr카카오톡 : @노컷뉴스사이트 : https://url.kr/b71afn"
2023.04.17.,메디필 '펩타이드9 볼륨 리프팅 올인원 에센스' 카카오 메이커스에서 성료,url없음,<네이버 기사 없음>
2023.04.17.,"""청소년 대상 마약범죄 근절""...경찰, 다음 달까지 제보 접수",https://n.news.naver.com/mnews/article/052/0001874228?sid=102,"경찰이 청소년들을 대상으로 한 마약 범죄를 근절하기 위해 다음 달 말까지 관련 제보를 접수합니다.서울경찰청은 카카오 채널 '스쿨 벨'을 통해 학생뿐 아니라 일반 시민도 청소년 마약 범죄와 관련한 제보를 할 수 있다고 밝혔습니다.제보 대상에는 텔레그램 등 SNS를 통해 청소년에게 마약을 팔거나, 마약 유통책으로 청소년을 활용하는 경우, ADHD 치료제나 식욕억제제 등 마약류 제품 대리 구매를 강요하는 행위 등이 포함됩니다.경찰은 이 같은 제보를 학교 전담 경찰관이 수집한 첩보와 함께 분석해 수사 대상을 선별할 예정이라고 설명했습니다.※ '당신의 제보가 뉴스가 됩니다'[카카오톡] YTN 검색해 채널 추가[전화] 02-398-8585[메일] social@ytn.co.kr"
2023.04.17.,"레고코리아, 어린이날 겨냥 한정판 프로모션 진행",url없음,<네이버 기사 없음>
2023.04.17.,"대구시, 19일 빅테크기업 협력 유망기업 사업화지원사업 설명회 개최",https://n.news.naver.com/mnews/article/030/0003091943?sid=102,"카카오, 한국신용데이터, 한국비즈커넥트, 지역기업 상생 프로그램 추진대구시와 대구디지털혁신진흥원(DIP)은 오는 19일 DIP 태양홀에서 '빅테크기업 협력 유망기업 사업화 지원 사업'에 대한 설명회를 연다..이번 사업은 지역 ABB기업 육성의 일환으로 지역기업들이 국내 빅테크기업과 협업을 통해 지역 한계를 극복하고 동반 성장할 수 있는 생태계 기반 조성을 위해 기획됐다.사업으로 추진되는 과제들은 2가지(과제해결형, 과제발굴형) 형태다. 과제해결형은 빅테크기업이 제시한 3개 과제를 지역기업이 개발하게 되며 기업당 1억 원(3개사 선정)의 사업화자금을 지원받을 수 있다. 과제발굴형은 빅테크기업의 기존 서비스(고객서비스, 예약·주문)에 대한 신서비스를 창출하게 되며 기업당 7000만 원(3개사 선정) 사업화자금을 지원받을 수 있다.사업설명회는 지원사업에 대한 이해를 돕고 기업 간 원활한 소통을 위해 마련됐다. DIP는 사업취지, 지원방법 등을 설명하고, 카카오와 한국신용데이터는 사업의 핵심기술(챗봇)과 과제에 대해 소개한다.대구시는 이번 사업을 시작으로 국내 빅테크기업과 지역 ABB기업간 협업모델의 확산을 통해 지역 유망 스타트업이 성장할 토양을 비옥하게 만드는 선순환 구조를 지속적으로 만들어갈 계획이다. 사업 참여신청은 DIP 홈페이지를 통해 가능하다."
2023.04.17.,"NCT 도재정, '퍼퓸' 발매와 함께 멜론 스테이션 출연 ""사랑받아 마땅""",url없음,<네이버 기사 없음>
2023.04.17.,"충남 청양군, 카톡 이모티콘 '청양이와 봄이에양' 무료 배포",url없음,<네이버 기사 없음>
2023.04.17.,"청양군, '청양이와 봄이에양' 카톡 이모티콘 무료 사용하세요!",url없음,<네이버 기사 없음>
2023.04.17.,"SM 가수 12팀, 위버스에 9월까지 입점한다",url없음,<네이버 기사 없음>
2023.04.17.,"[신상품라운지]야구장 인기 과자 '홈런볼', 블랙·KBO스페셜 에디션",https://n.news.naver.com/mnews/article/008/0004876027?sid=101,"홈런볼 블랙에디션과 KBO에디션. /사진제공=해태제과야구장에서 가장 많이 팔리는 과자인 해태제과 홈런볼이 색다른 맛과 모양의 신제품 2종(프리미엄 블랙·KBO스페셜)을 출시했다.프리미엄 블랙 라벨로 선보이는 홈런볼 바나나스플릿은 미국의 대표 디저트인 바나나스플릿을 카카오로 반죽한 까만색 슈에 담았다. 단골 토핑인 딸기와 바나나가 합쳐진 크림으로 안을 채웠다. 크림 함량은 오리지널보다 10% 가량 늘렸다. 프로야구 출범 41주년을 기념한 홈럼볼 KBO스페셜 에디션은 9개 프로야구단 마스코트와 로고로 디자인한 제품이다. 4월부터 10월까지 프로야구 시즌 기간에만 한정 판매한다.해태제과는 2023년 시즌 SNS를 통해 '직관 인증샷' 이벤트도 연다. 홈런볼을 먹으며 경기를 관람하는 장면을 해시태그와 함께 인스타그램에 올리면, 추첨을 통해 홈런볼 KBO에디션 1박스를 상품으로 증정한다."
2023.04.17.,인터넷은행 '마이너스 가산금리'는 '찻잔 속 태풍',url없음,<네이버 기사 없음>
2023.04.17.,의성 장애인 인생옷 정장 한 벌,url없음,<네이버 기사 없음>
2023.04.17.,"국내 게임 시장, '3N 시대' 흔들",url없음,<네이버 기사 없음>
2023.04.17.,"""봄이니까 새롭게""... 글로 하이퍼X2 '절반 할인' 프로모션",url없음,<네이버 기사 없음>
2023.04.17.,"글로 하이퍼 X2, '봄이니까 새롭게 나답게' 50% 할인 프로모션 전개",url없음,<네이버 기사 없음>
2023.04.17.,"레고코리아, 어린이날 맞이 한정판 굿즈 증정 프로모션 진행",url없음,<네이버 기사 없음>
2023.04.17.,"‘HOT 신인’ NCT 도재정, 입덕 포인트 공개",https://n.news.naver.com/mnews/article/144/0000880802?sid=106,<구조 다름>
2023.04.17.,[현장] 방통위 과징금 비웃듯…갤S23 불법보조금 성행,url없음,<네이버 기사 없음>
2023.04.17.,"""스팸문자 수십통 쏟아져""…오픈채팅 개인정보 유출 'ing'",url없음,<네이버 기사 없음>
2023.04.17.,"게임업계 선두그룹 지형 '흔들'…신흥강호 SK2, 3N 영업익 추월",url없음,<네이버 기사 없음>
2023.04.17.,"[고향소식] 담양군, '담양군 민원톡'으로 주민불편 해소",url없음,<네이버 기사 없음>
2023.04.17.,"NCT 도재정, ‘멜론 스포트라이트’서 입덕 포인트부터 단톡방 이름까지 대공개",url없음,<네이버 기사 없음>
2023.04.17.,"펙스페이, 바이낸스 브로커 파트너십 체결 완료",url없음,<네이버 기사 없음>
2023.04.17.,"[내 종목을 부탁해] 복잡한 계좌 해결 방법은? 'NAVER, SK바이오팜, 지엔원에너지'",url없음,<네이버 기사 없음>
2023.04.17.,"카카오, 쇼핑탭 새단장...…인기 뷰티·식품 특가 판매",url없음,<네이버 기사 없음>
2023.04.17.,"카카오엔터, 제주창조경제혁신센터와 클라우드 전환 및 AI 사업화 지원 '맞손'",url없음,<네이버 기사 없음>
2023.04.17.,"""이 시리즈 봤어?"" 넷플릭스 화제작, 알고보니 카카오엔터 작품",https://n.news.naver.com/mnews/article/014/0004998276?sid=103,"작년 비영어권 시청시간 1위사내맞선·수리남·종이의집모두 카카오엔터가 기획·제작미디어부문 매출 47% 뛰어멀티 스튜디오 체제 빠르게 도입진출 3년만에 가파르게 성장송중기 주연 영화 '화란' 등올해도 기대작 줄줄이 대기 수리남 종이의 집:공동경제구역 사내맞선'사내맞선' '수리남' '종이의집:공동경제구역' 등 지난해 넷플릭스 비영어권 TV 시리즈 시청시간 1위에 오른 한국 드라마 6편 중 3편이 카카오엔터테인먼트가 기획·제작한 작품이었다. 칸영화제에 초청돼 배우 송강호에게 남우주연상을 안긴 '브로커'와 이정재의 감독 데뷔작 '헌트' 역시 산하 제작사 영화였다. 올해는 송중기·홍사빈 주연의 '화란'이 제76회 칸영화제 주목할만한 시선 부문에 초청돼 내달 프랑스 칸으로 향한다.   ■카카오엔터, 미디어 사업서 두각   카카오엔터테인먼트가 스토리(웹툰·웹소설)·미디어(영화·드라마)·뮤직 사업의 시너지를 본격화하며 성장세를 기록 중이다. 특히 미디어 부문이 멀티 스튜디오 체제를 기반으로 글로벌 콘텐츠 시장에서 두드러진 성과를 거뒀다. 미디어부문은 2021년 2804억원에서 2022년 4123억원을 기록하며 전체 매출이 47% 성장했다. 특히 2022년 전체 매출 중 글로벌 매출이 22%를 차지하는 1052억원을 기록했다. 이는 2021년 618억원 대비 70%나 늘어난 수치다.   카카오엔터가 미디어사업 진출 후 약 3년 만에 해외 시장에서 가파르게 성장한 비결은 글로벌 콘텐츠업계 트렌드인 멀티 스튜디오 체제를 발 빠르게 도입한 덕이 크다.   서울대경영전문대학원의 유병준 교수 연구팀은 지난 2월 한국경영학회 학술지 '코리아 비즈니스 리뷰'에 발표한 '디지털 플랫폼 기업 M&A 전략의 경제·사회적 효과 분석: 카카오엔터테인먼트의 사례를 중심으로'에서 ""멀티 스튜디오 시스템을 갖추게 되면, 콘텐츠 이용자들에게 더욱 방대한 양질의 디지털 콘텐츠를 제공하는 효익뿐만 아니라, 자회사들에게 기업 차원의 영업이익 효익을 부과하기도 한다""고 평했다.   카카오엔터는 영화사월광, 사나이픽처스, 바람픽쳐스, 영화사집, 글앤그림미디어 등 업계 주목할 제작사들을 산하에 두고 있다. 지난해 카카오엔터의 재정·행정적 지원에 힘입어 콘텐츠 제작 자회사 중 4개사가 흑자전환에 성공했다. 사나이픽처스는 해외 144개국 선판매한 영화 '헌트', 메가몬스터는 올해 시즌2 공개를 확정한 '소방서 옆 경찰서' 시즌1의 활약으로 흑자 전환에 성공했다. '경성크리처' 시즌 1, 2를 제작하고 있는 글앤그림미디어와 '연예인 매니저로 살아남기'를 제작한 바람픽쳐스 역시 매출 상승 폭이 컸다.   ■드라마, 영화, 예능 기획·제작 확대   카카오엔터의 미디어 부분은 올해도 성장을 예고했다. 지난해 총 15편의 작품을 선보였다면 올해는 2배에 달하는 약 30편의 드라마, 영화를 기획·제작한다.   송중기 주연 영화 '화란'을 비롯해 박서준('경성크리처'), 박은빈('무인도의 디바'), 지창욱('최악의 악') 등 글로벌 스타가 출연하는 작품이 라인업에 올랐다. 특히 넷플릭스 시리즈로 공개 예정인 '경성크리처'는 카카오엔터 본사와 자회사들의 탄탄한 시너지가 돋보이는 작품이다. 크리에이터그룹 글LINE 강은경 작가가 집필하고, 카카오엔터 산하 글앤그림미디어 제작·카카오엔터가 공동제작을 맡은 작품으로 카카오엔터 산하 매니지먼트사인 어썸이엔티 소속 배우 박서준이 출연하는 기대작이다. 시즌1 공개 전 이미 시즌2 제작이 확정됐다. 디즈니플러스 통해 공개될 드라마 '최악의 악'은 바람픽쳐스와 사나이픽처스 두 자회사가 힘을 합쳤다.   영화 시장에서는 활발한 글로벌 선판매가 기대된다. 영화 '크로스', '화란', '엑시던트(가제)', '야행(가제)' 등이 관객과 만난다. 올해 '피지컬: 100' 등의 K예능이 넷플릭스 1위를 달성하며 주목받는 가운데, 카카오엔터는 '좀비버스' 등의 글로벌향 예능도 선보인다.   ■디지털 플랫폼 기업의 M&A 전략   한국의 콘텐츠산업은 한국경제의 게임체인저로 주목받고 있다. 지난 1월 문화체육관광부가 발표한 '2021년 콘텐츠 산업조사'에 따르면 콘텐츠산업 수출액은 가전(86억달러), 전기차(69억달러)를 넘어 124억달러를 기록했다. 문체부는 오는 2027년까지 2배(250억달러) 성장을 기대 중이다. 하지만 해외 콘텐츠 공룡 기업과 경쟁해야하는 상황은 녹록치 않다. K팝 업계에서는 국내 K팝 기업의 세계 음악시장 점유율이 2% 미만에 불과하다며 '콘텐츠업계 삼성·현대 출현'의 필요성을 제기했다.   서울대 유병준 교수 연구팀은 ""디지털 플랫폼 기업의 M&A 전략을 새로운 관점에서 바라봐야 한다""고 말했다. 연구팀은 ""디지털 플랫폼의 M&A는 형태적으로는 기업 집단이지만, 플랫폼 이용자들에게 제공하는 서비스의 다양성을 확보하고, 높은 사업 간 연결성을 바탕으로 사업 경쟁력을 확보하고, 이용자의 서비스 이용편의를 높이는 데 목적이 있다는 차이가 있다""고 짚었다. 이에 디지털 플랫폼 기업의 전략적 투자가 문어발식 몸집 늘리기로 오해받고 있는 상황에 우려를 표하며 ""이러한 오해가 해소되어야 한다""며 ""아울러 국내 디지털 콘텐츠 기업들이 해외 빅테크 기업들과 경쟁할 수 있도록 제도적 개선 역시 필요하다""고 주장했다. #카카오 #영화 #드라마 #K콘텐츠 #콘텐츠산업 #카카오엔터테인먼트"
2023.04.17.,"스토리작, 카카오엔터와 창작자 인큐베이팅 프로그램 운영",url없음,<네이버 기사 없음>
2023.04.17.,"""애플도 카카오페이 카드결제""",url없음,<네이버 기사 없음>
2023.04.17.,"안동시, 카카오와 손잡고 전국 7번째 초정밀 대중교통 정보 제공",url없음,<네이버 기사 없음>
2023.04.17.,"특허법원 “골프존 특허 침해한 카카오VX·에스지엠, 33억원 손해배상 해라”",https://sports.news.naver.com/news.nhn?oid=117&aid=0003719872,<구조 다름>
2023.04.17.,"카카오-SM엔터, 하이브 팬 플랫폼 '위버스' 커뮤니티 오픈",url없음,<네이버 기사 없음>
2023.04.17.,"대구시, ABB전용펀드 조성… 카카오와 협업모델 구축",https://n.news.naver.com/mnews/article/088/0000809337?sid=101,"대구시 ABB산업 육성 박차시-이수-에코프로 17일 'ABB벤처펀드 조성·운용 업무 협약'19일에는 '빅테크기업 협력 유망기업 사업화 지원' 설명회대구시가 17일 이수창업투자, 에코프로파트너스, 대구디지털혁신진흥원(DIP)과 'ABB벤처펀드 조성·운용 업무 협약'을 체결했다. 대구시 제공대구시가 전용펀드 조성과 빅테크기업 협력 모델 구축 등으로 ABB(인공지능, 빅데이터, 블록체인)산업 육성에 박차를 가한다.대구시는 17일 이수창업투자, 에코프로파트너스, 대구디지털혁신진흥원(DIP)과 ABB벤처펀드 조성·운용 업무 협약을 맺고 'ABB벤처펀드'를 조성했다고 밝혔다.120억원 규모로 대구시가 기획한 창투사(VC) 연계형 펀드다. 지역에서 만든 ABB산업 전용펀드로는 지난해 11월 조성한 234억원 규모 'ABB성장펀드'에 이어 두 번째다.출자금은 대구시 40억원, 인쇄회로기판(PCB) 생산기업 ㈜이수페타시스 29억원, 이차전지 배터리 기업 ㈜에코프로이노베이션 29억원, 운용사 22억원으로 나뉜다. 운용사는 지난달 공모 절차를 거쳐 4개 응모사 가운데 이수창업투자와 에코프로파트너스로 선정했다.대구시는 올해부터 4년 분납으로 매년 10억원을 출자한다. 시 출자금 2배수인 80억원은 대구 내 ABB 중소벤처기업으로, 나머지는 다른 지역의 관련 기업에 돌아갈 것으로 보인다. 대구시는 지역 기업 10개사 정도가 투자를 받을 것으로 보고 있다.대구시와 참여 기업은 지역 ABB산업 육성을 위한 투자 생태계 기반을 형성하는 데 협력하기로 했다. 2개 운용사의 경우 대구에 지점을 개소해 기업을 발굴·지원하고 다른 지역의 유망 기업도 유치할 계획이다.펀드 출자자인 이수 그룹과 에코프로 그룹도 ▷지역 산·학·연 협력 인력양성 사업 ▷지역 ABB기업과의 오픈 이노베이션 사업 등을 구상하고 있다. 대구시는 2026년까지 ABB산업 전용펀드를 1천억원 이상 규모로 조성한다는 목표에 따라 올해 신규 펀드를 1~2개 추가 조성, 총 400억원 규모로 확대할 방침이다.아울러 대구시는 지역 ABB 기업과 국내 빅테크기업 협업모델 구축도 추진한다. ㈜카카오와 ㈜한국신용데이터 등이 참여하는 '빅테크기업 협력 유망기업 사업화 지원사업'이다.참여 기업은 기업당 1억원을 지원받아 빅테크기업이 제시한 3개 과제를 개발하는 '과제해결형', 기업당 사업화자금 7천만원으로 고객서비스, 예약·주문 등 기존 서비스 2개 분야에 대한 새 서비스를 창출하는 '과제발굴형' 등 2가지 과제를 수행하게 된다. 이와관련해 대구시는 오는 19일 사업 설명회를 개최할 예정이다."
2023.04.17.,"카카오게임즈, 장애인 게임 접근성 향상 보조기기 지원 사업 희망자 모집",https://n.news.naver.com/mnews/article/030/0003091904?sid=105,"카카오게임즈는 '장애인 게임 접근성 향상을 위한 보조기기 지원 사업' 지원 희망자를 모집한다고 17일 밝혔다.지원 대상은 온라인 게임을 희망하는 서울시 및 경기도 거주 지체뇌병변 장애인이다. 5월 12일까지 경기도재활공학서비스연구지원센터 또는 아름다운재단 홈페이지에서 신청서 등 관련 서류 다운로드 및 작성 후 센터 이메일로 제출하면 된다.1차 서류 심사 결과는 오는 5월 26일 센터 홈페이지와 개별 연락을 통해 공지한다. 이후 공학전문가 1대1 면담 및 게임 보조기기 활용성 평가를 거쳐 7월중 최종 지원자를 선정할 예정이다. 게임 보조기기 활용성 평가는 지원자 장애 유형과 정도 등을 고려해 현재 상용되고 있는 게임 보조기기 활용 정도를 평가한다.이번에 제공되는 장애인 게임 보조기기에는 △보조기기 입력장치(키보드, 마우스, 스위치 등 PC, 태블릿, 휴대폰 연동 기기) △보조기기 보조장치(팔받침대, 거치대, 액세서리 등 기기 사용 보조) △자세 유지장치(책상, 의자, 랩보드, 벨터 등 기기 사용을 위한 자세 보조) 등이 포함된다.카카오게임즈 관계자는 “신체적, 환경적 요인으로 게임 접근이 어려운 장애인에 대한 보다 실질적이고 체계적인 지원을 통해 게임문화 사각지대 해소 및 가치 확산에 기여하고자 한다”고 말했다.장애인 게임 접근성 향상을 위한 보조기기 지원 사업은 카카오게임즈가 아름다운재단, 국립재활원, 경기도재활공학서비스연구지원센터와 협력해 장애인에게 보다 전문적인 맞춤형 게임 보조기기를 지원하고 사용법 및 관리방안 교육을 제공해 실질적 게임 접근성 향상을 도모하는 사회공헌 사업이다."
2023.04.17.,"특허법원 “골프존 특허 침해한 카카오VX·에스지엠, 33억원 손해배상 해라”",https://sports.news.naver.com/news.nhn?oid=117&aid=0003719872,<구조 다름>
2023.04.17.,"카카오-SM엔터, 하이브 팬 플랫폼 '위버스' 커뮤니티 오픈",url없음,<네이버 기사 없음>
2023.04.17.,"대구시, ABB전용펀드 조성… 카카오와 협업모델 구축",https://n.news.naver.com/mnews/article/088/0000809337?sid=101,"대구시 ABB산업 육성 박차시-이수-에코프로 17일 'ABB벤처펀드 조성·운용 업무 협약'19일에는 '빅테크기업 협력 유망기업 사업화 지원' 설명회대구시가 17일 이수창업투자, 에코프로파트너스, 대구디지털혁신진흥원(DIP)과 'ABB벤처펀드 조성·운용 업무 협약'을 체결했다. 대구시 제공대구시가 전용펀드 조성과 빅테크기업 협력 모델 구축 등으로 ABB(인공지능, 빅데이터, 블록체인)산업 육성에 박차를 가한다.대구시는 17일 이수창업투자, 에코프로파트너스, 대구디지털혁신진흥원(DIP)과 ABB벤처펀드 조성·운용 업무 협약을 맺고 'ABB벤처펀드'를 조성했다고 밝혔다.120억원 규모로 대구시가 기획한 창투사(VC) 연계형 펀드다. 지역에서 만든 ABB산업 전용펀드로는 지난해 11월 조성한 234억원 규모 'ABB성장펀드'에 이어 두 번째다.출자금은 대구시 40억원, 인쇄회로기판(PCB) 생산기업 ㈜이수페타시스 29억원, 이차전지 배터리 기업 ㈜에코프로이노베이션 29억원, 운용사 22억원으로 나뉜다. 운용사는 지난달 공모 절차를 거쳐 4개 응모사 가운데 이수창업투자와 에코프로파트너스로 선정했다.대구시는 올해부터 4년 분납으로 매년 10억원을 출자한다. 시 출자금 2배수인 80억원은 대구 내 ABB 중소벤처기업으로, 나머지는 다른 지역의 관련 기업에 돌아갈 것으로 보인다. 대구시는 지역 기업 10개사 정도가 투자를 받을 것으로 보고 있다.대구시와 참여 기업은 지역 ABB산업 육성을 위한 투자 생태계 기반을 형성하는 데 협력하기로 했다. 2개 운용사의 경우 대구에 지점을 개소해 기업을 발굴·지원하고 다른 지역의 유망 기업도 유치할 계획이다.펀드 출자자인 이수 그룹과 에코프로 그룹도 ▷지역 산·학·연 협력 인력양성 사업 ▷지역 ABB기업과의 오픈 이노베이션 사업 등을 구상하고 있다. 대구시는 2026년까지 ABB산업 전용펀드를 1천억원 이상 규모로 조성한다는 목표에 따라 올해 신규 펀드를 1~2개 추가 조성, 총 400억원 규모로 확대할 방침이다.아울러 대구시는 지역 ABB 기업과 국내 빅테크기업 협업모델 구축도 추진한다. ㈜카카오와 ㈜한국신용데이터 등이 참여하는 '빅테크기업 협력 유망기업 사업화 지원사업'이다.참여 기업은 기업당 1억원을 지원받아 빅테크기업이 제시한 3개 과제를 개발하는 '과제해결형', 기업당 사업화자금 7천만원으로 고객서비스, 예약·주문 등 기존 서비스 2개 분야에 대한 새 서비스를 창출하는 '과제발굴형' 등 2가지 과제를 수행하게 된다. 이와관련해 대구시는 오는 19일 사업 설명회를 개최할 예정이다."
2023.04.17.,"카카오페이, 애플 앱스토어 카드결제 시스템 도입",url없음,<네이버 기사 없음>
2023.04.17.,"[Pangyo Tech] 카카오엔터프라이즈-제주창조경제혁신센터 MOU 체결, 지역 기반 스타트업 대상 클라우드·AI 혁신 지원한다!",url없음,<네이버 기사 없음>
2023.04.17.,"카카오게임즈, 장애인 게임 접근성 향상 보조기기 지원 사업 희망자 모집",https://n.news.naver.com/mnews/article/030/0003091904?sid=105,"카카오게임즈는 '장애인 게임 접근성 향상을 위한 보조기기 지원 사업' 지원 희망자를 모집한다고 17일 밝혔다.지원 대상은 온라인 게임을 희망하는 서울시 및 경기도 거주 지체뇌병변 장애인이다. 5월 12일까지 경기도재활공학서비스연구지원센터 또는 아름다운재단 홈페이지에서 신청서 등 관련 서류 다운로드 및 작성 후 센터 이메일로 제출하면 된다.1차 서류 심사 결과는 오는 5월 26일 센터 홈페이지와 개별 연락을 통해 공지한다. 이후 공학전문가 1대1 면담 및 게임 보조기기 활용성 평가를 거쳐 7월중 최종 지원자를 선정할 예정이다. 게임 보조기기 활용성 평가는 지원자 장애 유형과 정도 등을 고려해 현재 상용되고 있는 게임 보조기기 활용 정도를 평가한다.이번에 제공되는 장애인 게임 보조기기에는 △보조기기 입력장치(키보드, 마우스, 스위치 등 PC, 태블릿, 휴대폰 연동 기기) △보조기기 보조장치(팔받침대, 거치대, 액세서리 등 기기 사용 보조) △자세 유지장치(책상, 의자, 랩보드, 벨터 등 기기 사용을 위한 자세 보조) 등이 포함된다.카카오게임즈 관계자는 “신체적, 환경적 요인으로 게임 접근이 어려운 장애인에 대한 보다 실질적이고 체계적인 지원을 통해 게임문화 사각지대 해소 및 가치 확산에 기여하고자 한다”고 말했다.장애인 게임 접근성 향상을 위한 보조기기 지원 사업은 카카오게임즈가 아름다운재단, 국립재활원, 경기도재활공학서비스연구지원센터와 협력해 장애인에게 보다 전문적인 맞춤형 게임 보조기기를 지원하고 사용법 및 관리방안 교육을 제공해 실질적 게임 접근성 향상을 도모하는 사회공헌 사업이다."
2023.04.17.,"카카오, 카카오톡 쇼핑탭 개편 프로모션 진행",url없음,<네이버 기사 없음>
2023.04.17.,"카카오게임즈 ""장애인 게임 보조기기 지원 사업 희망자 모집""",https://n.news.naver.com/mnews/article/629/0000212079?sid=105,"카카오게임즈가 17일부터 장애인 게임 접근성 향상을 위한 보조기기 지원 사업 지원 희망자를 모집한다. /더팩트 DB카카오게임즈가 '장애인 게임 접근성 향상을 위한 보조기기 지원 사업' 지원 희망자를 모집한다.지원 대상은 온라인게임을 희망하는 서울·경기도 거주 지체∙뇌병변 장애인이다. 오는 5월 12일까지 경기도재활공학서비스연구지원센터(센터) 또는 아름다운재단 홈페이지에서 신청서 등 관련 서류를 내려 받아 작성한 뒤 센터 이메일로 제출하면 된다.1차 서류 심사 결과는 오는 5월 26일 센터 홈페이지와 개별 연락을 통해 공지한다. 이후 공학전문가 1대 1 면담과 게임 보조기기 활용성 평가를 거쳐 오는 7월 중 최종 지원자를 선정할 예정이다. 게임 보조기기 활용성 평가는 지원자 장애 유형과 정도 등을 고려해 상용되고 있는 게임 보조기기 활용 정도를 평가한다.이번에 제공되는 장애인 게임 보조기기에는 보조기기 입력장치(키보드, 마우스, 스위치 등 PC, 태블릿, 휴대폰 연동 기기), 보조기기 보조장치(팔받침대, 거치대, 액세서리 등 기기 사용 보조), 자세 유지장치(책상, 의자, 랩보드, 벨터 등 기기 사용을 위한 자세 보조) 등이 포함된다.카카오게임즈 관계자는 ""신체적, 환경적 요인으로 게임 접근이 어려운 장애인에 대한 보다 실질적이고 체계적인 지원을 통해 게임문화 사각지대 해소 및 가치 확산에 기여하고자 한다""고 말했다.발로 뛰는 더팩트는 24시간 여러분의 제보를 기다립니다.▶카카오톡: '더팩트제보' 검색▶이메일: jebo@tf.co.kr▶뉴스 홈페이지: http://talk.tf.co.kr/bbs/report/write"
2023.04.17.,"국민통합위 ""'뉴스플랫폼 독점' 네이버·카카오‥ 위상 걸맞는 책임 져야""",url없음,<네이버 기사 없음>
2023.04.17.,"포스코, 2차전지 바람에 카카오 제쳤다…그룹 시총 22조 원↑",https://n.news.naver.com/mnews/article/011/0004179665?sid=101,"포스코엠텍 주가 269% 급등“주가 과도한 측면” 분석도[서울경제] 포스코그룹의 시가총액이 올 20조 원 넘게 늘며 카카오(035720)그룹을 넘어섰다. 포스코가 사업 다각화를 위해 비철강·신사업 분야 진출을 확대하고 있는 가운데 최근 2차전지주 강세에 관련 자회사들의 주가가 급등한 덕분이다.16일 한국거래소에 따르면 14일 기준 포스코 계열 코스피·코스닥 시장 상장 회사 시총은 연초 대비 22조 8770억 원 증가한 63조 4688억 원으로 집계됐다. 무려 52.6%의 증가율이다. 반면 카카오그룹은 연초 46조 6056억 원에서 48조 4333억 원으로 3.92% 증가하는 데 그쳤다. 지난해 말까지 시총 기준 재계 6위의 포스코그룹은 5위의 카카오그룹과 순위를 뒤바꾸는 데 성공했다. 시총 격차는 15조 원에 이른다.포스코그룹 시총 증가세를 이끈 건 포스코홀딩스(POSCO홀딩스(005490))와 포스코퓨처엠(003670)이었다. 포스코홀딩스는 그룹내 배터리 광물과 폐배터리 순환경제 사업을 주도하고 있는 그룹 지주사다. 포스코홀딩스는 아르헨티나 살타주의 옴브레무에르토 염호 북부 지역에 대한 광권을 가지고 있는데 서울 여의도의 약 30배에 달하는 면적이다. 염호에서 생산할 리튬에 대한 기대 효과로 주가는 약 53% 뛰었다.포스코퓨처엠은 1월 삼성SDI와 10년간 40조원 규모의 하이니켈 NCA(니켈·코발트·알루미늄) 양극재 공급 계약을 체결한 데다 미국 인플레이션감축법(IRA)의 세액공제 혜택(AMPC) 등 호재로 올 들어 주가가 약 73% 급등했다. 한국 철강산업을 대표하는 포스코는 전통적으로 금융, 정유와 함께 가치주로 분류돼왔으나 배터리 소재 등 신사업에 집중하면서 성장주 못지않은 상승세를 보이고 있는 것이다.다만 최근 에코프로비엠(247540)·에코프로(086520)처럼 포스코 계열 상장사들도 단기 테마성으로 주가가 급등했다는 지적도 나온다. 포스코엠텍(009520)은 포스코의 철강제품을 포장하고 철강부원료인 알루미늄 탈산제를 공급하는 사업을 영위하고 있다. 리튬 사업과 큰 연관이 없음에도 불구하고 배터리 테마주로 묶이며 올 초 이후 주가가 268.35% 상승했다.일부 증권사가 에코프로비엠·에코프로 투자의견을 '중립'이나 '매도'로 하향 조정한 것처럼 포스코홀딩스 주가 역시 과열됐다는 보고서가 나오기도 했다. 백광제 교보증권(030610) 연구원은 13일 리포트에서 포스코홀딩스 투자의견을 ‘매수’에서 ‘중립’으로 한단계 낮추며 “주가 고점에 대한 예단은 힘들지만, 현재 주가에서는 신규 투자에 유의할 필요가 있다”고 했다.백 연구원은 “신사업의 성장성이나 회사의 신사업 방향은 긍정적이지만 시장 테마 형성과 수급 쏠림에 의한 주가 급등이 과도한 측면이 있다”며 “올해 실적이 기존 추정보다 개선된다는 근거가 없는 상황에서 수급 쏠림에 따른 주가 급등에 추가 멀티플을 부여하기에는 무리가 있다”고 덧붙였다."
2023.04.17.,"카카오, 카카오톡 쇼핑탭 개편 프로모션 진행",url없음,<네이버 기사 없음>
2023.04.17.,카카오·하이브 사업 협력 시동···SM 아티스트 12팀 위버스 입점,url없음,<네이버 기사 없음>
2023.04.17.,"카카오게임즈, 장애인 게임 보조기기 지원 사업 희망자 모집",https://n.news.naver.com/mnews/article/119/0002703486?sid=105,"서울시 및 경기도 거주 지체∙뇌병변 장애인 대상 30명 선정카카오게임즈 로고. ⓒ카카오게임즈[데일리안 = 민단비 기자] 카카오게임즈는 ‘장애인 게임 접근성 향상을 위한 보조기기 지원 사업’의 지원 희망자를 모집한다고 17일 밝혔다.지원 대상은 온라인 게임을 희망하는 서울시 및 경기도 거주 지체∙뇌병변 장애인이다. 지원 희망자는 오는 5월 12일까지 경기도재활공학서비스연구지원센터(이하 센터) 또는 아름다운재단 홈페이지에서 신청서 등 관련 서류 다운로드 및 작성 후, 센터 이메일로 제출하면 된다.1차 서류 심사 결과는 오는 5월 26일 센터 홈페이지와 개별 연락을 통해 공지된다. 이후 공학전문가의 1:1 면담 및 게임 보조기기 활용성 평가를 거쳐 7월중 최종 지원자를 선정할 예정이다. 게임 보조기기 활용성 평가는 지원자의 장애 유형과 정도 등을 고려해 현재 상용되고 있는 게임 보조기기 활용 정도를 평가하는 것이다.이번에 제공되는 장애인 게임 보조기기에는 ▲보조기기 입력장치(키보드, 마우스, 스위치 등 PC·태블릿·휴대폰 연동 기기) ▲보조기기 보조장치(팔받침대, 거치대, 액세서리 등 기기 사용 보조) ▲자세 유지장치(책상, 의자, 랩보드, 벨터 등 기기 사용을 위한 자세 보조) 등이 포함된다.카카오게임즈 관계자는 “신체적, 환경적 요인으로 게임 접근이 어려운 장애인에 대한 보다 실질적이고 체계적인 지원을 통해 게임문화 사각지대 해소 및 가치 확산에 기여하고자 한다”고 말했다.한편 장애인 게임 접근성 향상을 위한 보조기기 지원 사업은 장애인들에게 보다 전문적인 맞춤형 게임 보조기기를 지원하고 사용법 및 관리방안 교육을 제공해 실질적 게임 접근성 향상을 도모하는 사회공헌 사업이다. 카카오게임즈는 이번 사업에 1억 원을 후원하며 사업이 체계적으로 이루어질 수 있도록 적극 지원해 나갈 계획이다."
2023.04.17.,"카카오페이, 애플 앱 스토어 내 카드결제 도입",url없음,<네이버 기사 없음>
2023.04.17.,"카카오게임즈 ""장애인 게임 보조기기 지원 사업 희망자 모집""",https://n.news.naver.com/mnews/article/629/0000212079?sid=105,"카카오게임즈가 17일부터 장애인 게임 접근성 향상을 위한 보조기기 지원 사업 지원 희망자를 모집한다. /더팩트 DB카카오게임즈가 '장애인 게임 접근성 향상을 위한 보조기기 지원 사업' 지원 희망자를 모집한다.지원 대상은 온라인게임을 희망하는 서울·경기도 거주 지체∙뇌병변 장애인이다. 오는 5월 12일까지 경기도재활공학서비스연구지원센터(센터) 또는 아름다운재단 홈페이지에서 신청서 등 관련 서류를 내려 받아 작성한 뒤 센터 이메일로 제출하면 된다.1차 서류 심사 결과는 오는 5월 26일 센터 홈페이지와 개별 연락을 통해 공지한다. 이후 공학전문가 1대 1 면담과 게임 보조기기 활용성 평가를 거쳐 오는 7월 중 최종 지원자를 선정할 예정이다. 게임 보조기기 활용성 평가는 지원자 장애 유형과 정도 등을 고려해 상용되고 있는 게임 보조기기 활용 정도를 평가한다.이번에 제공되는 장애인 게임 보조기기에는 보조기기 입력장치(키보드, 마우스, 스위치 등 PC, 태블릿, 휴대폰 연동 기기), 보조기기 보조장치(팔받침대, 거치대, 액세서리 등 기기 사용 보조), 자세 유지장치(책상, 의자, 랩보드, 벨터 등 기기 사용을 위한 자세 보조) 등이 포함된다.카카오게임즈 관계자는 ""신체적, 환경적 요인으로 게임 접근이 어려운 장애인에 대한 보다 실질적이고 체계적인 지원을 통해 게임문화 사각지대 해소 및 가치 확산에 기여하고자 한다""고 말했다.발로 뛰는 더팩트는 24시간 여러분의 제보를 기다립니다.▶카카오톡: '더팩트제보' 검색▶이메일: jebo@tf.co.kr▶뉴스 홈페이지: http://talk.tf.co.kr/bbs/report/write"
2023.04.17.,"카카오엔터프라이즈, 제주창조경제혁신센터와 지역 스타트업 대상 클라우드·AI 혁신 지원",url없음,<네이버 기사 없음>
2023.04.17.,"국민통합위 ""'뉴스플랫폼 독점' 네이버·카카오‥ 위상 걸맞는 책임 져야""",url없음,<네이버 기사 없음>
2023.04.17.,"포스코, 2차전지 바람에 카카오 제쳤다…그룹 시총 22조 원↑",https://n.news.naver.com/mnews/article/011/0004179665?sid=101,"포스코엠텍 주가 269% 급등“주가 과도한 측면” 분석도[서울경제] 포스코그룹의 시가총액이 올 20조 원 넘게 늘며 카카오(035720)그룹을 넘어섰다. 포스코가 사업 다각화를 위해 비철강·신사업 분야 진출을 확대하고 있는 가운데 최근 2차전지주 강세에 관련 자회사들의 주가가 급등한 덕분이다.16일 한국거래소에 따르면 14일 기준 포스코 계열 코스피·코스닥 시장 상장 회사 시총은 연초 대비 22조 8770억 원 증가한 63조 4688억 원으로 집계됐다. 무려 52.6%의 증가율이다. 반면 카카오그룹은 연초 46조 6056억 원에서 48조 4333억 원으로 3.92% 증가하는 데 그쳤다. 지난해 말까지 시총 기준 재계 6위의 포스코그룹은 5위의 카카오그룹과 순위를 뒤바꾸는 데 성공했다. 시총 격차는 15조 원에 이른다.포스코그룹 시총 증가세를 이끈 건 포스코홀딩스(POSCO홀딩스(005490))와 포스코퓨처엠(003670)이었다. 포스코홀딩스는 그룹내 배터리 광물과 폐배터리 순환경제 사업을 주도하고 있는 그룹 지주사다. 포스코홀딩스는 아르헨티나 살타주의 옴브레무에르토 염호 북부 지역에 대한 광권을 가지고 있는데 서울 여의도의 약 30배에 달하는 면적이다. 염호에서 생산할 리튬에 대한 기대 효과로 주가는 약 53% 뛰었다.포스코퓨처엠은 1월 삼성SDI와 10년간 40조원 규모의 하이니켈 NCA(니켈·코발트·알루미늄) 양극재 공급 계약을 체결한 데다 미국 인플레이션감축법(IRA)의 세액공제 혜택(AMPC) 등 호재로 올 들어 주가가 약 73% 급등했다. 한국 철강산업을 대표하는 포스코는 전통적으로 금융, 정유와 함께 가치주로 분류돼왔으나 배터리 소재 등 신사업에 집중하면서 성장주 못지않은 상승세를 보이고 있는 것이다.다만 최근 에코프로비엠(247540)·에코프로(086520)처럼 포스코 계열 상장사들도 단기 테마성으로 주가가 급등했다는 지적도 나온다. 포스코엠텍(009520)은 포스코의 철강제품을 포장하고 철강부원료인 알루미늄 탈산제를 공급하는 사업을 영위하고 있다. 리튬 사업과 큰 연관이 없음에도 불구하고 배터리 테마주로 묶이며 올 초 이후 주가가 268.35% 상승했다.일부 증권사가 에코프로비엠·에코프로 투자의견을 '중립'이나 '매도'로 하향 조정한 것처럼 포스코홀딩스 주가 역시 과열됐다는 보고서가 나오기도 했다. 백광제 교보증권(030610) 연구원은 13일 리포트에서 포스코홀딩스 투자의견을 ‘매수’에서 ‘중립’으로 한단계 낮추며 “주가 고점에 대한 예단은 힘들지만, 현재 주가에서는 신규 투자에 유의할 필요가 있다”고 했다.백 연구원은 “신사업의 성장성이나 회사의 신사업 방향은 긍정적이지만 시장 테마 형성과 수급 쏠림에 의한 주가 급등이 과도한 측면이 있다”며 “올해 실적이 기존 추정보다 개선된다는 근거가 없는 상황에서 수급 쏠림에 따른 주가 급등에 추가 멀티플을 부여하기에는 무리가 있다”고 덧붙였다."
2023.04.17.,"골프존, 카카오VX·에스지엠 손배 소송서 최종 승리",url없음,<네이버 기사 없음>
2023.04.17.,"SM 가수들, 하이브 '위버스' 합류…카카오·하이브 협력 본격화",url없음,<네이버 기사 없음>
2023.04.17.,"포스코, 2차전지 바람에 카카오 제쳤다…그룹 시총 22조 원↑",https://n.news.naver.com/mnews/article/011/0004179665?sid=101,"포스코엠텍 주가 269% 급등“주가 과도한 측면” 분석도[서울경제] 포스코그룹의 시가총액이 올 20조 원 넘게 늘며 카카오(035720)그룹을 넘어섰다. 포스코가 사업 다각화를 위해 비철강·신사업 분야 진출을 확대하고 있는 가운데 최근 2차전지주 강세에 관련 자회사들의 주가가 급등한 덕분이다.16일 한국거래소에 따르면 14일 기준 포스코 계열 코스피·코스닥 시장 상장 회사 시총은 연초 대비 22조 8770억 원 증가한 63조 4688억 원으로 집계됐다. 무려 52.6%의 증가율이다. 반면 카카오그룹은 연초 46조 6056억 원에서 48조 4333억 원으로 3.92% 증가하는 데 그쳤다. 지난해 말까지 시총 기준 재계 6위의 포스코그룹은 5위의 카카오그룹과 순위를 뒤바꾸는 데 성공했다. 시총 격차는 15조 원에 이른다.포스코그룹 시총 증가세를 이끈 건 포스코홀딩스(POSCO홀딩스(005490))와 포스코퓨처엠(003670)이었다. 포스코홀딩스는 그룹내 배터리 광물과 폐배터리 순환경제 사업을 주도하고 있는 그룹 지주사다. 포스코홀딩스는 아르헨티나 살타주의 옴브레무에르토 염호 북부 지역에 대한 광권을 가지고 있는데 서울 여의도의 약 30배에 달하는 면적이다. 염호에서 생산할 리튬에 대한 기대 효과로 주가는 약 53% 뛰었다.포스코퓨처엠은 1월 삼성SDI와 10년간 40조원 규모의 하이니켈 NCA(니켈·코발트·알루미늄) 양극재 공급 계약을 체결한 데다 미국 인플레이션감축법(IRA)의 세액공제 혜택(AMPC) 등 호재로 올 들어 주가가 약 73% 급등했다. 한국 철강산업을 대표하는 포스코는 전통적으로 금융, 정유와 함께 가치주로 분류돼왔으나 배터리 소재 등 신사업에 집중하면서 성장주 못지않은 상승세를 보이고 있는 것이다.다만 최근 에코프로비엠(247540)·에코프로(086520)처럼 포스코 계열 상장사들도 단기 테마성으로 주가가 급등했다는 지적도 나온다. 포스코엠텍(009520)은 포스코의 철강제품을 포장하고 철강부원료인 알루미늄 탈산제를 공급하는 사업을 영위하고 있다. 리튬 사업과 큰 연관이 없음에도 불구하고 배터리 테마주로 묶이며 올 초 이후 주가가 268.35% 상승했다.일부 증권사가 에코프로비엠·에코프로 투자의견을 '중립'이나 '매도'로 하향 조정한 것처럼 포스코홀딩스 주가 역시 과열됐다는 보고서가 나오기도 했다. 백광제 교보증권(030610) 연구원은 13일 리포트에서 포스코홀딩스 투자의견을 ‘매수’에서 ‘중립’으로 한단계 낮추며 “주가 고점에 대한 예단은 힘들지만, 현재 주가에서는 신규 투자에 유의할 필요가 있다”고 했다.백 연구원은 “신사업의 성장성이나 회사의 신사업 방향은 긍정적이지만 시장 테마 형성과 수급 쏠림에 의한 주가 급등이 과도한 측면이 있다”며 “올해 실적이 기존 추정보다 개선된다는 근거가 없는 상황에서 수급 쏠림에 따른 주가 급등에 추가 멀티플을 부여하기에는 무리가 있다”고 덧붙였다."
2023.04.17.,"카카오게임즈, 장애인 게임 보조기기 지원 사업 희망자 모집",url없음,<네이버 기사 없음>
2023.04.17.,"카카오페이, 애플 앱스토어 카드결제 시스템 도입",url없음,<네이버 기사 없음>
2023.04.17.,"골프존, 카카오VX·에스지엠 손배 소송서 최종 승리",url없음,<네이버 기사 없음>
2023.04.17.,"카카오게임즈, 장애인 게임 접근성 키운다",url없음,<네이버 기사 없음>
2023.04.17.,"SM 가수들, 하이브 '위버스' 합류…카카오·하이브 협력 본격화",url없음,<네이버 기사 없음>
2023.04.17.,"카카오, 하이브와 사업 협력 본격화...SM, '위버스'서 공식 커뮤니티 오픈",url없음,<네이버 기사 없음>
2023.04.17.,"카카오CIC, 4일간 카카오톡 ‘쇼핑탭’ 개편 프로모션 진행",url없음,<네이버 기사 없음>
2023.04.17.,"안동시, 카카오와 '정밀 대중교통 정보 제공 서비스' 업무협약 체결",url없음,<네이버 기사 없음>
2023.04.17.,네이버 '성장'·카카오 '주춤'…1분기 예상 실적 비교해보니,https://n.news.naver.com/mnews/article/092/0002289040?sid=105,"영업익 네이버 3천220억·카카오 1천259억...수익성 회복 타개책 관심네이버·카카오가 1분기 실적 발표를 내달 초 앞두고 있다. 네이버는 매출과 영업이익 모두 전년 대비 성장할 것으로 예상되지만, 카카오는 영업이익이 20% 이상 줄어들며 양사가 서로 엇갈린 성적표를 받을 것으로 전망된다.17일 금융정보업체 에프앤가이드에 따르면 다음 달 8일 1분기 실적 공개를 예정한 네이버는 매출 2조2천774억원, 영업이익 3천220억원을 기록할 것으로 보인다. 매출, 영업이익은 작년 1~3월과 비교했을 때 각각 23.42%, 6.70% 늘어난 수치다.네이버는 내수 경기 둔화로 검색과 광고 매출이 감소했지만, 북미 개인간거래(C2C) 플랫폼 포시마크 연결 편입과 크림 수수료 인상, 그리고 이북재팬 인수 효과 등에 따라 커머스·콘텐츠 매출이 오름세를 보이면서 전체 영업수익이 개선된 것으로 점쳐진다.(사진=지디넷코리아)내달 4일 실적 발표를 예고한 카카오의 경우 1분기 매출이 1조8천334억원으로 전년 동기 대비 11.0% 늘어난 데 반해, 영업이익이 20.63% 줄어든 1천259억원으로 집계될 것으로 예상된다.선물하기 직매입 판매 증가에 힘입어 커머스 매출은 성장세를 나타냈지만, 작년 서비스 장애에 따른 이모티콘 보상으로 신규 이모티콘 판매량이 감소하는 등 톡비즈 광고 수익이 줄어든 것으로 예측된다.2분기 역시 광고 시장 불황 등 경기 침체 기류가 흐르고 있는 가운데, 네이버와 카카오는 오픈AI 챗GPT로 촉발한 생성형 인공지능(AI) 서비스에 힘을 주는 등 수익성 회복을 위한 타개책을 마련하겠다는 방향이다.네이버 신사옥 1784 외관 (제공=네이버)네이버는 자체 개발한 하이퍼클로바를 검색에 적용한 ‘서치GPT’를 2분기 중 시범 출시하고, 하이퍼클로바의 경량화 업그레이드 모델인 하이퍼클로바X도 7월 선보일 예정이다. 서치GPT에 실시간 검색 결과를 반영하고, 식당 예약과 상품 구매 등 기존 서비스와 연계를 강화해 이용자 편의성을 제고한다는 계획이다.오동환 삼성증권 연구원은 “오픈AI가 플러그인 중심으로 다양한 서비스 기업을 AI 시장으로 끌어들이는 전략을 펼친다면, 네이버는 자체 서비스와 연계해 활용성을 극대화할 계획”이라며 “빠르게 (경쟁 사업자들을) 추격하고 있는 만큼, 네이버는 새로운 AI 생태계 생성에 따른 수혜를 누릴 것”이라고 진단했다.카카오 제주 본사.카카오도 언어모델 코지피티(KoGPT)와 이미지 생성 모델 칼로를 중심으로 카카오톡 서비스에 AI 기술을 접목하기 위한 시도를 이어가고 있다. 홍은택 카카오 대표는 지난달 주주총회 후 기자들과 만나 “코지피티는 현재 GPT 3.0 단계”라며 “상반기 내 무리 없이 출시할 것”이라고 말했다.다만 오 연구원은 ""카카오는 아직 자체 AI 모델을 활용한 기업간거래(B2B) 사업 진척이 느린 상황으로, 코지피티의 경우 아직 API 형태로 외부에 제공하는 단계까진 이르지 못한 것으로 파악된다""며 ""경쟁사 대비 부족한 인프라, 인력, 자금 등이 속도의 차이를 만든 것""이라고 평가했다.SM 인수 효과로 카카오 하반기 실적이 반등할 것이란 분석도 나온다. 김현용 현대차증권 연구원은 ""3분기부터 카카오 영업이익은 증가세로 돌아설 것""이라며 ""SM 편입 후 엔터테인먼트 사업 분기 영업익은 700억~800억원으로 이전 대비 큰 폭으로 늘어날 것""이라고 했다."
2023.04.17.,"카카오, 하이브와 사업 협력 본격화...SM, '위버스'서 공식 커뮤니티 오픈",url없음,<네이버 기사 없음>
2023.04.17.,"카카오게임즈, 장애인 게임 접근형 향상 보조기기 지원 희망자 모집",url없음,<네이버 기사 없음>
2023.04.17.,"카카오게임즈, 장애인 게임 접근성 향상 나서…보조기기 희망자 모집",url없음,<네이버 기사 없음>
2023.04.17.,"카카오, 하이브와 본격 사업 협력…“위버스 내 SM 커뮤니티 개설”",url없음,<네이버 기사 없음>
2023.04.17.,"카카오CIC, 4일간 카카오톡 ‘쇼핑탭’ 개편 프로모션 진행",url없음,<네이버 기사 없음>
2023.04.17.,"골프존, 특허 무단사용 카카오VX·SGM에 손해배상 판결 선고",url없음,<네이버 기사 없음>
2023.04.17.,"카카오페이 ""애플 앱스토어에서 카드결제 하세요""",url없음,<네이버 기사 없음>
2023.04.17.,"안동시, 카카오와 '정밀 대중교통 정보 제공 서비스' 업무협약 체결",url없음,<네이버 기사 없음>
2023.04.17.,네이버 '성장'·카카오 '주춤'…1분기 예상 실적 비교해보니,https://n.news.naver.com/mnews/article/092/0002289040?sid=105,"영업익 네이버 3천220억·카카오 1천259억...수익성 회복 타개책 관심네이버·카카오가 1분기 실적 발표를 내달 초 앞두고 있다. 네이버는 매출과 영업이익 모두 전년 대비 성장할 것으로 예상되지만, 카카오는 영업이익이 20% 이상 줄어들며 양사가 서로 엇갈린 성적표를 받을 것으로 전망된다.17일 금융정보업체 에프앤가이드에 따르면 다음 달 8일 1분기 실적 공개를 예정한 네이버는 매출 2조2천774억원, 영업이익 3천220억원을 기록할 것으로 보인다. 매출, 영업이익은 작년 1~3월과 비교했을 때 각각 23.42%, 6.70% 늘어난 수치다.네이버는 내수 경기 둔화로 검색과 광고 매출이 감소했지만, 북미 개인간거래(C2C) 플랫폼 포시마크 연결 편입과 크림 수수료 인상, 그리고 이북재팬 인수 효과 등에 따라 커머스·콘텐츠 매출이 오름세를 보이면서 전체 영업수익이 개선된 것으로 점쳐진다.(사진=지디넷코리아)내달 4일 실적 발표를 예고한 카카오의 경우 1분기 매출이 1조8천334억원으로 전년 동기 대비 11.0% 늘어난 데 반해, 영업이익이 20.63% 줄어든 1천259억원으로 집계될 것으로 예상된다.선물하기 직매입 판매 증가에 힘입어 커머스 매출은 성장세를 나타냈지만, 작년 서비스 장애에 따른 이모티콘 보상으로 신규 이모티콘 판매량이 감소하는 등 톡비즈 광고 수익이 줄어든 것으로 예측된다.2분기 역시 광고 시장 불황 등 경기 침체 기류가 흐르고 있는 가운데, 네이버와 카카오는 오픈AI 챗GPT로 촉발한 생성형 인공지능(AI) 서비스에 힘을 주는 등 수익성 회복을 위한 타개책을 마련하겠다는 방향이다.네이버 신사옥 1784 외관 (제공=네이버)네이버는 자체 개발한 하이퍼클로바를 검색에 적용한 ‘서치GPT’를 2분기 중 시범 출시하고, 하이퍼클로바의 경량화 업그레이드 모델인 하이퍼클로바X도 7월 선보일 예정이다. 서치GPT에 실시간 검색 결과를 반영하고, 식당 예약과 상품 구매 등 기존 서비스와 연계를 강화해 이용자 편의성을 제고한다는 계획이다.오동환 삼성증권 연구원은 “오픈AI가 플러그인 중심으로 다양한 서비스 기업을 AI 시장으로 끌어들이는 전략을 펼친다면, 네이버는 자체 서비스와 연계해 활용성을 극대화할 계획”이라며 “빠르게 (경쟁 사업자들을) 추격하고 있는 만큼, 네이버는 새로운 AI 생태계 생성에 따른 수혜를 누릴 것”이라고 진단했다.카카오 제주 본사.카카오도 언어모델 코지피티(KoGPT)와 이미지 생성 모델 칼로를 중심으로 카카오톡 서비스에 AI 기술을 접목하기 위한 시도를 이어가고 있다. 홍은택 카카오 대표는 지난달 주주총회 후 기자들과 만나 “코지피티는 현재 GPT 3.0 단계”라며 “상반기 내 무리 없이 출시할 것”이라고 말했다.다만 오 연구원은 ""카카오는 아직 자체 AI 모델을 활용한 기업간거래(B2B) 사업 진척이 느린 상황으로, 코지피티의 경우 아직 API 형태로 외부에 제공하는 단계까진 이르지 못한 것으로 파악된다""며 ""경쟁사 대비 부족한 인프라, 인력, 자금 등이 속도의 차이를 만든 것""이라고 평가했다.SM 인수 효과로 카카오 하반기 실적이 반등할 것이란 분석도 나온다. 김현용 현대차증권 연구원은 ""3분기부터 카카오 영업이익은 증가세로 돌아설 것""이라며 ""SM 편입 후 엔터테인먼트 사업 분기 영업익은 700억~800억원으로 이전 대비 큰 폭으로 늘어날 것""이라고 했다."
2023.04.17.,"대구시, ㈜카카오 협력 ABB 오픈이노베이션 사업설명회 개최",https://n.news.naver.com/mnews/article/382/0001045908?sid=102,"- ㈜카카오, ㈜한국신용데이터, ㈜한국비즈커넥트, 지역기업 상생 프로그램 추진- 국내 빅테크기업과 지역 ABB기업 6개사 파트너십 구축, ABB산업 내 동반성장대구시청 산격동 청사 전경대구시와 (재)대구디지털혁신진흥원은 오는 19일 ‘빅테크기업 협력 유망기업 사업화 지원 사업’에 대한 설명회를 DIP 태양홀에서 개최한다고 17일 밝혔다. 대구시는 민선 8기 주요 화두인 ‘ABB산업 선도도시, 디지털 혁신 거점도시 대구’ 조성을 위해, 핵심 키워드인 ABB ‘인공지능(AI), 빅데이터, 블록체인’ 기반 지역기업 육성을 위한 다양한 사업을 추진하고 있다. 이번 사업은 이런 지역 ABB기업 육성의 한 일환으로 지역기업들이 국내 빅테크기업과 협업을 통해 지역의 한계를 극복하고 동반 성장할 수 있는 생태계 기반 조성을 위해 기획됐다.사업으로 추진되는 과제들은 2가지(과제해결형, 과제발굴형) 형태로 진행되는데, 첫째, 과제해결형은 빅테크기업이 제시한 3개 과제를 지역기업이 개발하게 되며 기업당 1억 원(3개사 선정)의 사업화자금을 지원받을 수 있다. 둘째, 과제발굴형은 빅테크기업의 기존 서비스 2개 분야에 대한 신(新)서비스를 창출하게 되며 기업당 7천만 원의 사업화자금을 지원받을 수 있다.본 사업에 대한 참여신청은 DIP 홈페이지를 통해 가능하며 사업공고는 지난 13일부터 5월 12일까지 4주간이며, 사업신청은 5월 10일부터 12일까지 진행한다.사업설명회는 지원사업에 대한 이해를 돕고 기업 간 원활한 소통을 위해 마련됐는데, DIP에서 사업취지, 지원방법 등을 설명하고 ㈜카카오와 ㈜한국신용데이터에서 본 사업의 핵심기술(챗봇)과 과제에 대한 소개를 한 후, 예비 참여기업과의 질의&응답 순으로 진행된다.사업설명회 사전 참가신청은 DIP 홈페이지에서 가능하며, 사전신청을 하지 못한 경우 당일 현장 접수와 온라인 생중계 방송으로 시청이 가능하다.대구시는 이번 사업을 시작으로 국내 빅테크기업과 지역 ABB기업간 협업모델의 확산을 통해 지역 유망 스타트업이 성장할 토양을 비옥하게 만드는 선순환 구조를 지속적으로 만들어갈 계획이다.이종화 대구광역시 경제부시장은 “수준 높은 오픈 이노베이션 프로그램 확대를 통해 대기업, 중소기업, 스타트업이 상생 발전할 수 있는 생태계를 조성하고 지역 ABB산업 성장을 이끌 수 있도록 최선을 다하겠다”라고 말했다.스포츠동아(대구) 손중모 기자 localdk@donga.com"
2023.04.17.,레드벨벳·소녀시대 굿즈 하이브 위버스 입점하나…카카오·하이브 맞손,https://n.news.naver.com/mnews/article/421/0006751173?sid=105,"광야클럽→ 위버스 대이동, ""글로벌 유저 확대 꾀할 것""'프라이빗 메시지 서비스' 제공하는 버블은 유지위버스 로고.(서울=뉴스1) 남해인 기자 = SM엔터테인먼트 소속 아티스트들이 하이브(352820)의 팬덤 플랫폼 '위버스'에 둥지를 튼다.팬덤 플랫폼은 아티스트 관련 서비스나 굿즈(상품)를 판매하는 채널이다. 하이브와 카카오(035720)가 SM 인수 과정에서 추후 플랫폼 관련 협업을 하기로 합의한 뒤 성사된 사실상 첫번째 성과다.하이브 계열사 위버스컴퍼니가 운영하는 팬덤 플랫폼 '위버스'는 SM 소속 아티스트 12팀이 9월까지 위버스 공식 커뮤니티에 입점한다고 17일 밝혔다. 공식 팬클럽이 운영되고 있는 아티스트들이 이동 대상이다. 레드벨벳이나 소녀시대가 광야클럽에서 위버스로 입점할 가능성이 있다.또한 앨범과 공식 상품(굿즈)를 구매할 수 있는 플랫폼 '위버스샵'에도 함께 입점한다. 공식 팬클럽도 위버스의 '멤버십' 서비스에서 운영될 예정이다.SM엔터테인먼트의 팬덤 플랫폼인 '버블'은 유지된다. 버블은 팬과 아티스트의 소통 서비스인 '프라이빗 메시지'를 제공한다. 위버스 관계자는 ""전 세계적 팬덤을 구축하고 있는 SM 아티스트의 합류로 아티스트 라인업을 한층 강화하고 이에 따른 글로벌 유저 확대도 꾀할 계획""이라고 전했다.카카오 관계자는 ""카카오와 카카오엔터테인먼트, SM엔터테인먼트는 각 사의 사업 경쟁력을 융합한 시너지로 K팝, K엔터테인먼트의 새로운 가능성을 열며 K컬처의 지속적인 성장과 글로벌 위상 제고를 위해 힘을 모을 것""이라고 말했다.지난달 하이브가 SM 인수를 중단하며 3사(카카오·하이브·SM)는 플랫폼 관련 협력을 진행하기로 합의한 바 있다. 당시 하이브는 ""SM 경영권 인수 절차를 중단하기로 합의함과 동시에 양사의 플랫폼 관련 협업 방안에 대해서도 합의를 이뤘다""고 설명했다."
2023.04.17.,"카카오게임즈, 장애인 위한 보조기기 지원 사업 희망자 모집",url없음,<네이버 기사 없음>
2023.04.17.,"골프존, 카카오VX·에스지엠 상대 특허침해 파기환송심 최종 승소",url없음,<네이버 기사 없음>
2023.04.17.,"카카오페이 ""애플 앱스토어에서 카드결제 하세요""",url없음,<네이버 기사 없음>
2023.04.17.,"카카오, 하이브와 협력 시작…위버스에 SM 아티스트 입점",url없음,<네이버 기사 없음>
2023.04.17.,"안동시, 카카오와 '정밀 대중교통 정보 제공 서비스' 업무협약 체결",url없음,<네이버 기사 없음>
2023.04.17.,네이버 '성장'·카카오 '주춤'…1분기 예상 실적 비교해보니,https://n.news.naver.com/mnews/article/092/0002289040?sid=105,"영업익 네이버 3천220억·카카오 1천259억...수익성 회복 타개책 관심네이버·카카오가 1분기 실적 발표를 내달 초 앞두고 있다. 네이버는 매출과 영업이익 모두 전년 대비 성장할 것으로 예상되지만, 카카오는 영업이익이 20% 이상 줄어들며 양사가 서로 엇갈린 성적표를 받을 것으로 전망된다.17일 금융정보업체 에프앤가이드에 따르면 다음 달 8일 1분기 실적 공개를 예정한 네이버는 매출 2조2천774억원, 영업이익 3천220억원을 기록할 것으로 보인다. 매출, 영업이익은 작년 1~3월과 비교했을 때 각각 23.42%, 6.70% 늘어난 수치다.네이버는 내수 경기 둔화로 검색과 광고 매출이 감소했지만, 북미 개인간거래(C2C) 플랫폼 포시마크 연결 편입과 크림 수수료 인상, 그리고 이북재팬 인수 효과 등에 따라 커머스·콘텐츠 매출이 오름세를 보이면서 전체 영업수익이 개선된 것으로 점쳐진다.(사진=지디넷코리아)내달 4일 실적 발표를 예고한 카카오의 경우 1분기 매출이 1조8천334억원으로 전년 동기 대비 11.0% 늘어난 데 반해, 영업이익이 20.63% 줄어든 1천259억원으로 집계될 것으로 예상된다.선물하기 직매입 판매 증가에 힘입어 커머스 매출은 성장세를 나타냈지만, 작년 서비스 장애에 따른 이모티콘 보상으로 신규 이모티콘 판매량이 감소하는 등 톡비즈 광고 수익이 줄어든 것으로 예측된다.2분기 역시 광고 시장 불황 등 경기 침체 기류가 흐르고 있는 가운데, 네이버와 카카오는 오픈AI 챗GPT로 촉발한 생성형 인공지능(AI) 서비스에 힘을 주는 등 수익성 회복을 위한 타개책을 마련하겠다는 방향이다.네이버 신사옥 1784 외관 (제공=네이버)네이버는 자체 개발한 하이퍼클로바를 검색에 적용한 ‘서치GPT’를 2분기 중 시범 출시하고, 하이퍼클로바의 경량화 업그레이드 모델인 하이퍼클로바X도 7월 선보일 예정이다. 서치GPT에 실시간 검색 결과를 반영하고, 식당 예약과 상품 구매 등 기존 서비스와 연계를 강화해 이용자 편의성을 제고한다는 계획이다.오동환 삼성증권 연구원은 “오픈AI가 플러그인 중심으로 다양한 서비스 기업을 AI 시장으로 끌어들이는 전략을 펼친다면, 네이버는 자체 서비스와 연계해 활용성을 극대화할 계획”이라며 “빠르게 (경쟁 사업자들을) 추격하고 있는 만큼, 네이버는 새로운 AI 생태계 생성에 따른 수혜를 누릴 것”이라고 진단했다.카카오 제주 본사.카카오도 언어모델 코지피티(KoGPT)와 이미지 생성 모델 칼로를 중심으로 카카오톡 서비스에 AI 기술을 접목하기 위한 시도를 이어가고 있다. 홍은택 카카오 대표는 지난달 주주총회 후 기자들과 만나 “코지피티는 현재 GPT 3.0 단계”라며 “상반기 내 무리 없이 출시할 것”이라고 말했다.다만 오 연구원은 ""카카오는 아직 자체 AI 모델을 활용한 기업간거래(B2B) 사업 진척이 느린 상황으로, 코지피티의 경우 아직 API 형태로 외부에 제공하는 단계까진 이르지 못한 것으로 파악된다""며 ""경쟁사 대비 부족한 인프라, 인력, 자금 등이 속도의 차이를 만든 것""이라고 평가했다.SM 인수 효과로 카카오 하반기 실적이 반등할 것이란 분석도 나온다. 김현용 현대차증권 연구원은 ""3분기부터 카카오 영업이익은 증가세로 돌아설 것""이라며 ""SM 편입 후 엔터테인먼트 사업 분기 영업익은 700억~800억원으로 이전 대비 큰 폭으로 늘어날 것""이라고 했다."
2023.04.17.,"대구시, ㈜카카오 협력 ABB 오픈이노베이션 사업설명회 개최",https://n.news.naver.com/mnews/article/382/0001045908?sid=102,"- ㈜카카오, ㈜한국신용데이터, ㈜한국비즈커넥트, 지역기업 상생 프로그램 추진- 국내 빅테크기업과 지역 ABB기업 6개사 파트너십 구축, ABB산업 내 동반성장대구시청 산격동 청사 전경대구시와 (재)대구디지털혁신진흥원은 오는 19일 ‘빅테크기업 협력 유망기업 사업화 지원 사업’에 대한 설명회를 DIP 태양홀에서 개최한다고 17일 밝혔다. 대구시는 민선 8기 주요 화두인 ‘ABB산업 선도도시, 디지털 혁신 거점도시 대구’ 조성을 위해, 핵심 키워드인 ABB ‘인공지능(AI), 빅데이터, 블록체인’ 기반 지역기업 육성을 위한 다양한 사업을 추진하고 있다. 이번 사업은 이런 지역 ABB기업 육성의 한 일환으로 지역기업들이 국내 빅테크기업과 협업을 통해 지역의 한계를 극복하고 동반 성장할 수 있는 생태계 기반 조성을 위해 기획됐다.사업으로 추진되는 과제들은 2가지(과제해결형, 과제발굴형) 형태로 진행되는데, 첫째, 과제해결형은 빅테크기업이 제시한 3개 과제를 지역기업이 개발하게 되며 기업당 1억 원(3개사 선정)의 사업화자금을 지원받을 수 있다. 둘째, 과제발굴형은 빅테크기업의 기존 서비스 2개 분야에 대한 신(新)서비스를 창출하게 되며 기업당 7천만 원의 사업화자금을 지원받을 수 있다.본 사업에 대한 참여신청은 DIP 홈페이지를 통해 가능하며 사업공고는 지난 13일부터 5월 12일까지 4주간이며, 사업신청은 5월 10일부터 12일까지 진행한다.사업설명회는 지원사업에 대한 이해를 돕고 기업 간 원활한 소통을 위해 마련됐는데, DIP에서 사업취지, 지원방법 등을 설명하고 ㈜카카오와 ㈜한국신용데이터에서 본 사업의 핵심기술(챗봇)과 과제에 대한 소개를 한 후, 예비 참여기업과의 질의&응답 순으로 진행된다.사업설명회 사전 참가신청은 DIP 홈페이지에서 가능하며, 사전신청을 하지 못한 경우 당일 현장 접수와 온라인 생중계 방송으로 시청이 가능하다.대구시는 이번 사업을 시작으로 국내 빅테크기업과 지역 ABB기업간 협업모델의 확산을 통해 지역 유망 스타트업이 성장할 토양을 비옥하게 만드는 선순환 구조를 지속적으로 만들어갈 계획이다.이종화 대구광역시 경제부시장은 “수준 높은 오픈 이노베이션 프로그램 확대를 통해 대기업, 중소기업, 스타트업이 상생 발전할 수 있는 생태계를 조성하고 지역 ABB산업 성장을 이끌 수 있도록 최선을 다하겠다”라고 말했다.스포츠동아(대구) 손중모 기자 localdk@donga.com"
2023.04.17.,카카오와 기술협력할 대구 유망기업 찾습니다,url없음,<네이버 기사 없음>
2023.04.17.,"카카오 투자했던 노르웨이 중앙은행, SK스퀘어 지분 5% 취득…왜?",https://n.news.naver.com/mnews/article/293/0000043482?sid=105,"박정호 SK스퀘어 부회장이 지난달 30일 서울 중구 을지로 SK스퀘어 본사에서 열린 주주총회에서 주주환원정책과 회사 비전을 발표하고 있다. (사진=SK스퀘어)노르웨이 중앙은행이 SK스퀘어 지분 2740억원(5.01%)을 매입했다. 이에 대해 SK스퀘어측은 최근 발표한 주주환원정책 영향이 있었을 것으로 보고 있다.SK스퀘어는 17일 노르웨이 중앙은행이 지분 5.01%를 장내 매수했다고 공시했다. 취분 목적은 ""단순 투자""다.노르웨이 중앙은행이 매입한 지분은 709만2421주(5.01%)로 취득 단가는 3만8633원이다. 지분 매입에 투입된 금액은 약 2740억원이다.노르웨이 중앙은행은 금융안정·물가관리 같은 중앙은행 역할과 함께 한국 국민연금 기금운용본부처럼 연금펀드를 관리하고 있다. 노르웨이은행은 한국의 성장주에 적극 투자하는 것으로 알려졌다. 카카오, 태광, 웅진싱크빅, 종근당홀딩스 등에 투자한 경험이 있다.SK스퀘어 관계자는 ""SK쉴더스 딜 소식, 주주환원정책 발표 등으로 최근 새로운 외국인 투자가 이어지고 있는 분위기""라며 ""이번 지분매입도 이러한 측면으로 보고 있다""고 설명했다.앞서 지난달 30일 열린 SK스퀘어 주주총회에서 박정호 SK스퀘어 부회장은 SK쉴더스의 매각 금액을 주주환원에 사용하겠다는 내용을 포함한 주주환원정책을 밝혔다.먼저 SK스퀘어는 경상배당수입(2022년 약 3600억원)의 30% 이상 규모로 자사주를 지속 매입해 연내 매입 분 전량을 일시에 소각할 예정이다. 당시 SK스퀘어측은 ""자사주 소각이 활발해질수록 코리아 디스카운트가 해소되고 외국인 투자가 더욱 확대될 것으로 기대하고 있다""고 설명했다.박 부회장은 또 SK쉴더스의 매각 대금을 주주들과 공유하겠단 계획도 언급했다. SK쉴더스는 지난 2021년 물리보안 기업 ADT캡스와 사이버보안 기업 SK인포섹을 통합해 출범한 법인이다. SK스퀘어는 지난 2월 SK쉴더스를 스웨덴 사모펀드 EQT파트너스에 8646억원에 매각했다. 이중 4500억원은 인수금융으로 제공했으며, 4146억원은 현금으로 받을 예정이다.박 부회장은 ""올해 10월 전 SK쉴더스 매각대금 4000억원 가량이 들어오면 해당 몫을 주주들과 나누기 위해 2000억원 이상을 자사주 매입에 쓰고 곧바로 소각할 계획""이라고 말했다."
2023.04.17.,"SM 소속 아티스트, 위버스에 공식 커뮤니티 오픈…카카오-하이브 간 협력",url없음,<네이버 기사 없음>
2023.04.17.,네이버 '성장'·카카오 '주춤'…1분기 예상 실적 비교해보니,https://n.news.naver.com/mnews/article/092/0002289040?sid=105,"영업익 네이버 3천220억·카카오 1천259억...수익성 회복 타개책 관심네이버·카카오가 1분기 실적 발표를 내달 초 앞두고 있다. 네이버는 매출과 영업이익 모두 전년 대비 성장할 것으로 예상되지만, 카카오는 영업이익이 20% 이상 줄어들며 양사가 서로 엇갈린 성적표를 받을 것으로 전망된다.17일 금융정보업체 에프앤가이드에 따르면 다음 달 8일 1분기 실적 공개를 예정한 네이버는 매출 2조2천774억원, 영업이익 3천220억원을 기록할 것으로 보인다. 매출, 영업이익은 작년 1~3월과 비교했을 때 각각 23.42%, 6.70% 늘어난 수치다.네이버는 내수 경기 둔화로 검색과 광고 매출이 감소했지만, 북미 개인간거래(C2C) 플랫폼 포시마크 연결 편입과 크림 수수료 인상, 그리고 이북재팬 인수 효과 등에 따라 커머스·콘텐츠 매출이 오름세를 보이면서 전체 영업수익이 개선된 것으로 점쳐진다.(사진=지디넷코리아)내달 4일 실적 발표를 예고한 카카오의 경우 1분기 매출이 1조8천334억원으로 전년 동기 대비 11.0% 늘어난 데 반해, 영업이익이 20.63% 줄어든 1천259억원으로 집계될 것으로 예상된다.선물하기 직매입 판매 증가에 힘입어 커머스 매출은 성장세를 나타냈지만, 작년 서비스 장애에 따른 이모티콘 보상으로 신규 이모티콘 판매량이 감소하는 등 톡비즈 광고 수익이 줄어든 것으로 예측된다.2분기 역시 광고 시장 불황 등 경기 침체 기류가 흐르고 있는 가운데, 네이버와 카카오는 오픈AI 챗GPT로 촉발한 생성형 인공지능(AI) 서비스에 힘을 주는 등 수익성 회복을 위한 타개책을 마련하겠다는 방향이다.네이버 신사옥 1784 외관 (제공=네이버)네이버는 자체 개발한 하이퍼클로바를 검색에 적용한 ‘서치GPT’를 2분기 중 시범 출시하고, 하이퍼클로바의 경량화 업그레이드 모델인 하이퍼클로바X도 7월 선보일 예정이다. 서치GPT에 실시간 검색 결과를 반영하고, 식당 예약과 상품 구매 등 기존 서비스와 연계를 강화해 이용자 편의성을 제고한다는 계획이다.오동환 삼성증권 연구원은 “오픈AI가 플러그인 중심으로 다양한 서비스 기업을 AI 시장으로 끌어들이는 전략을 펼친다면, 네이버는 자체 서비스와 연계해 활용성을 극대화할 계획”이라며 “빠르게 (경쟁 사업자들을) 추격하고 있는 만큼, 네이버는 새로운 AI 생태계 생성에 따른 수혜를 누릴 것”이라고 진단했다.카카오 제주 본사.카카오도 언어모델 코지피티(KoGPT)와 이미지 생성 모델 칼로를 중심으로 카카오톡 서비스에 AI 기술을 접목하기 위한 시도를 이어가고 있다. 홍은택 카카오 대표는 지난달 주주총회 후 기자들과 만나 “코지피티는 현재 GPT 3.0 단계”라며 “상반기 내 무리 없이 출시할 것”이라고 말했다.다만 오 연구원은 ""카카오는 아직 자체 AI 모델을 활용한 기업간거래(B2B) 사업 진척이 느린 상황으로, 코지피티의 경우 아직 API 형태로 외부에 제공하는 단계까진 이르지 못한 것으로 파악된다""며 ""경쟁사 대비 부족한 인프라, 인력, 자금 등이 속도의 차이를 만든 것""이라고 평가했다.SM 인수 효과로 카카오 하반기 실적이 반등할 것이란 분석도 나온다. 김현용 현대차증권 연구원은 ""3분기부터 카카오 영업이익은 증가세로 돌아설 것""이라며 ""SM 편입 후 엔터테인먼트 사업 분기 영업익은 700억~800억원으로 이전 대비 큰 폭으로 늘어날 것""이라고 했다."
2023.04.17.,"대구시, ㈜카카오 협력 ABB 오픈이노베이션 사업설명회 개최",https://n.news.naver.com/mnews/article/382/0001045908?sid=102,"- ㈜카카오, ㈜한국신용데이터, ㈜한국비즈커넥트, 지역기업 상생 프로그램 추진- 국내 빅테크기업과 지역 ABB기업 6개사 파트너십 구축, ABB산업 내 동반성장대구시청 산격동 청사 전경대구시와 (재)대구디지털혁신진흥원은 오는 19일 ‘빅테크기업 협력 유망기업 사업화 지원 사업’에 대한 설명회를 DIP 태양홀에서 개최한다고 17일 밝혔다. 대구시는 민선 8기 주요 화두인 ‘ABB산업 선도도시, 디지털 혁신 거점도시 대구’ 조성을 위해, 핵심 키워드인 ABB ‘인공지능(AI), 빅데이터, 블록체인’ 기반 지역기업 육성을 위한 다양한 사업을 추진하고 있다. 이번 사업은 이런 지역 ABB기업 육성의 한 일환으로 지역기업들이 국내 빅테크기업과 협업을 통해 지역의 한계를 극복하고 동반 성장할 수 있는 생태계 기반 조성을 위해 기획됐다.사업으로 추진되는 과제들은 2가지(과제해결형, 과제발굴형) 형태로 진행되는데, 첫째, 과제해결형은 빅테크기업이 제시한 3개 과제를 지역기업이 개발하게 되며 기업당 1억 원(3개사 선정)의 사업화자금을 지원받을 수 있다. 둘째, 과제발굴형은 빅테크기업의 기존 서비스 2개 분야에 대한 신(新)서비스를 창출하게 되며 기업당 7천만 원의 사업화자금을 지원받을 수 있다.본 사업에 대한 참여신청은 DIP 홈페이지를 통해 가능하며 사업공고는 지난 13일부터 5월 12일까지 4주간이며, 사업신청은 5월 10일부터 12일까지 진행한다.사업설명회는 지원사업에 대한 이해를 돕고 기업 간 원활한 소통을 위해 마련됐는데, DIP에서 사업취지, 지원방법 등을 설명하고 ㈜카카오와 ㈜한국신용데이터에서 본 사업의 핵심기술(챗봇)과 과제에 대한 소개를 한 후, 예비 참여기업과의 질의&응답 순으로 진행된다.사업설명회 사전 참가신청은 DIP 홈페이지에서 가능하며, 사전신청을 하지 못한 경우 당일 현장 접수와 온라인 생중계 방송으로 시청이 가능하다.대구시는 이번 사업을 시작으로 국내 빅테크기업과 지역 ABB기업간 협업모델의 확산을 통해 지역 유망 스타트업이 성장할 토양을 비옥하게 만드는 선순환 구조를 지속적으로 만들어갈 계획이다.이종화 대구광역시 경제부시장은 “수준 높은 오픈 이노베이션 프로그램 확대를 통해 대기업, 중소기업, 스타트업이 상생 발전할 수 있는 생태계를 조성하고 지역 ABB산업 성장을 이끌 수 있도록 최선을 다하겠다”라고 말했다.스포츠동아(대구) 손중모 기자 localdk@donga.com"
2023.04.17.,카카오와 기술협력할 대구 유망기업 찾습니다,url없음,<네이버 기사 없음>
2023.04.17.,"카카오게임즈, 장애인 '게임 보조기기' 지원 사업 희망자 모집",url없음,<네이버 기사 없음>
2023.04.17.,"카카오 투자했던 노르웨이 중앙은행, SK스퀘어 지분 5% 취득…왜?",https://n.news.naver.com/mnews/article/293/0000043482?sid=105,"박정호 SK스퀘어 부회장이 지난달 30일 서울 중구 을지로 SK스퀘어 본사에서 열린 주주총회에서 주주환원정책과 회사 비전을 발표하고 있다. (사진=SK스퀘어)노르웨이 중앙은행이 SK스퀘어 지분 2740억원(5.01%)을 매입했다. 이에 대해 SK스퀘어측은 최근 발표한 주주환원정책 영향이 있었을 것으로 보고 있다.SK스퀘어는 17일 노르웨이 중앙은행이 지분 5.01%를 장내 매수했다고 공시했다. 취분 목적은 ""단순 투자""다.노르웨이 중앙은행이 매입한 지분은 709만2421주(5.01%)로 취득 단가는 3만8633원이다. 지분 매입에 투입된 금액은 약 2740억원이다.노르웨이 중앙은행은 금융안정·물가관리 같은 중앙은행 역할과 함께 한국 국민연금 기금운용본부처럼 연금펀드를 관리하고 있다. 노르웨이은행은 한국의 성장주에 적극 투자하는 것으로 알려졌다. 카카오, 태광, 웅진싱크빅, 종근당홀딩스 등에 투자한 경험이 있다.SK스퀘어 관계자는 ""SK쉴더스 딜 소식, 주주환원정책 발표 등으로 최근 새로운 외국인 투자가 이어지고 있는 분위기""라며 ""이번 지분매입도 이러한 측면으로 보고 있다""고 설명했다.앞서 지난달 30일 열린 SK스퀘어 주주총회에서 박정호 SK스퀘어 부회장은 SK쉴더스의 매각 금액을 주주환원에 사용하겠다는 내용을 포함한 주주환원정책을 밝혔다.먼저 SK스퀘어는 경상배당수입(2022년 약 3600억원)의 30% 이상 규모로 자사주를 지속 매입해 연내 매입 분 전량을 일시에 소각할 예정이다. 당시 SK스퀘어측은 ""자사주 소각이 활발해질수록 코리아 디스카운트가 해소되고 외국인 투자가 더욱 확대될 것으로 기대하고 있다""고 설명했다.박 부회장은 또 SK쉴더스의 매각 대금을 주주들과 공유하겠단 계획도 언급했다. SK쉴더스는 지난 2021년 물리보안 기업 ADT캡스와 사이버보안 기업 SK인포섹을 통합해 출범한 법인이다. SK스퀘어는 지난 2월 SK쉴더스를 스웨덴 사모펀드 EQT파트너스에 8646억원에 매각했다. 이중 4500억원은 인수금융으로 제공했으며, 4146억원은 현금으로 받을 예정이다.박 부회장은 ""올해 10월 전 SK쉴더스 매각대금 4000억원 가량이 들어오면 해당 몫을 주주들과 나누기 위해 2000억원 이상을 자사주 매입에 쓰고 곧바로 소각할 계획""이라고 말했다."
2023.04.17.,"""애플 앱스토어서 카카오페이 카드결제 됩니다""",url없음,<네이버 기사 없음>
2023.04.17.,"스토리작, 카카오엔터와 함께 창작자 인큐베이팅 프로그램 개시",url없음,<네이버 기사 없음>
2023.04.17.,"카카오엔터프라이즈, 제주 지역 스타트업에 클라우드·AI 지원 나선다",url없음,<네이버 기사 없음>
2023.04.17.,"카카오, 카카오톡 쇼핑탭 개편 프로모션",url없음,<네이버 기사 없음>
2023.04.17.,"카카오페이, 앱스토어 내 카드결제 지원…론칭 프모로션 진행",url없음,<네이버 기사 없음>
2023.04.17.,"카카오게임즈, 장애인 게임 보조 기기 지원사업 참가자 모집",https://n.news.naver.com/mnews/article/138/0002146630?sid=105,"[디지털데일리 오병훈 기자] 카카오게임즈가 장애인 게임 체험 기회 확대를 위한 지원 사업을 실시한다.   카카오게임즈(대표 조계현)는 ‘장애인 게임 접근성 향상을 위한 보조기기 지원 사업’ 참가자를 모집한다고 17일 밝혔다.    지원 대상은 서울시나 경기도 거주 중인 지체·뇌병변 장애인이다. 희망자는 다음달 12일까지 ‘경기도재활공학서비스연구지원센터(이하 센터)’나 ‘아름다운재단’ 홈페이지에서 관련 서류를 작성 한 뒤 센터 이메일로 제출하면 된다.   1차 서류 심사 결과는 다음달 26일 센터 홈페이지와 개별 연락을 통해 공지된다. 이후 공학전문가와 1:1 면담 및 게임 보조기기 활용성 평가를 거쳐 7월 중 최종 지원자를 선정한다.    제공되는 장애인 게임 보조기기로는 ▲입력장치(키보드, 마우스, 스위치 등 PC, 태블릿, 휴대폰 연동 기기) ▲보조장치(팔받침대, 거치대, 액세서리 등 기기 사용 보조) ▲자세 유지장치(책상, 의자, 랩보드, 벨터 등 기기 사용을 위한 자세 보조) 등이 포함된다.   카카오게임즈는 “신체적, 환경적 요인으로 게임 접근이 어려운 장애인에 대한 실질적이고 체계적인 지원으로 게임문화 사각지대 해소 및 가치 확산에 기여하겠다”고 말했다."
2023.04.17.,"스토리작, 카카오엔터와 함께 창작자 인큐베이팅 프로그램 개시",url없음,<네이버 기사 없음>
2023.04.17.,"카카오엔터프라이즈, 제주 지역 스타트업에 클라우드·AI 지원 나선다",url없음,<네이버 기사 없음>
2023.04.17.,"카카오, 카카오톡 쇼핑탭 개편 프로모션",url없음,<네이버 기사 없음>
2023.04.17.,"카카오VX, 골프존에 19억 배상해야..특허기술 침해 판결 선고",url없음,<네이버 기사 없음>
2023.04.17.,"카카오게임즈, ‘장애인 게임 접근성 향상을 위한 보조기기 지원 사업’ 희망자 모집",https://n.news.naver.com/mnews/article/009/0005117391?sid=105,"카카오게임즈는 ‘장애인 게임 접근성 향상을 위한 보조기기 지원 사업’ 희망자를 모집한다.카카오게임즈(대표 조계현)는 ‘장애인 게임 접근성 향상을 위한 보조기기 지원 사업’의 지원 희망자를 모집한다고 17일 밝혔다.지원 대상은 온라인 게임을 희망하는 서울시 및 경기도 거주 지체·뇌병변 장애인으로 지원 희망자는 5월 12일까지 경기도재활공학서비스연구지원센터(이하 센터) 또는 아름다운재단 홈페이지에서 신청서 등 관련 서류 다운로드 및 작성 후, 센터 이메일로 제출하면 된다.1차 서류 심사 결과는 5월 26일 센터 홈페이지와 개별 연락을 통해 공지된다.이후 공학전문가의 1:1 면담 및 게임 보조기기 활용성 평가를 거쳐 7월중 최종 지원자를 선정할 예정이다.이번에 제공되는 장애인 게임 보조기기에는 ▲보조기기 입력장치(키보드, 마우스, 스위치 등 PC, 태블릿, 휴대폰 연동 기기) ▲보조기기 보조장치(팔받침대, 거치대, 액세서리 등 기기 사용 보조) ▲자세 유지장치(책상, 의자, 랩보드, 벨터 등 기기 사용을 위한 자세 보조) 등이 포함된다."
2023.04.17.,카카오·하이브·SM 플랫폼 협력…SM 아티스트 위버스에 입점,https://n.news.naver.com/mnews/article/016/0002131227?sid=105,"SM아티스트 공식커뮤니티 오픈기존 팬덤 플랫폼 ‘버블’과 공존“소통 강화...SM3.0 실현하겠다”김범수(왼쪽) 카카오 미래이니셔티브 센터장, 방시혁 하이브 의장에스엠(SM) 인수전에서 승기를 잡은 카카오가 하이브와 ‘플랫폼 협력’을 본격화한다. 앞서 에스엠 인수를 두고 하이브와 치열하게 ‘쩐의 전쟁’을 벌였던 카카오는 경영권을 갖는 대신 하이브와 협력하는 방향으로 합의했다.17일 하이브·카카오엔터·SM엔터테인먼트에 따르면 SM 소속 아티스트 12팀이 오는 9월까지 하이브 글로벌 팬덤 플랫폼 ‘위버스(Weverse)’에 공식 커뮤니티를 연다.이로써 SM 소속 아티스트들은 기존에 이용하던 SM의 팬 커뮤니티 플랫폼 ‘광야클럽’에서 위버스로 이동한다. 이곳에서 팬 소통과 미디어 콘텐츠 제공, ‘위버스 라이브’를 활용한 영상 라이브 등으로 글로벌 팬덤과 소통할 계획이다.아울러 앨범과 공식 상품 등을 구매할 수 있는 커머스 플랫폼 ‘위버스샵’에도 함께 입점한다. 글로벌 공식 팬클럽도 위버스의 ‘멤버십’ 서비스를 통해 운영될 예정이다. SM은 자회사 디어유가 운영 중인 프라이빗 메신저 ‘버블 (bubble)’과 위버스의 공존을 통해 팬 중심 ‘SM 3.0’을 실현하겠다는 구상이다.향후 SM 앨범·MD 등을 위버스를 통해서도 판매하지만 기존 판매 사이트인 ‘에스엠타운 앤드스토어(SMTOWN &STORE)’에서도 판매를 이어간다며 매출·수익이 상승할 것으로 예상했다.이번 SM의 위버스 입점은 지난달 하이브와 카카오, SM 간 사업 협력 논의의 결과다. 카카오와 SM은 사업 시너지를 구체화하기 위한 논의에 박차를 가하고 있다.하이브 방시혁 의장은 지난달 15일 서울 프레스센터에서 열린 관훈포럼에서 이와 관련 “(K팝 산업에) 가장 중요한 축의 하나인 플랫폼 협의에 대해 개인적으로 아주 만족한다”고 밝힌 바 있다.SM 측은 “SM은 위버스에 올 하반기까지 소속 아티스트별 공식 커뮤니티를 오픈하고, 멤버십 서비스를 통해 공식 팬클럽 서비스를 운영하는 등 다양한 방식으로 글로벌 팬들과 소통에 나설 것”이라고 밝혔다.카카오 측은 “카카오와 카카오엔터테인먼트, SM엔터테인먼트는 각 사의 사업 경쟁력을 융합한 시너지로 K팝, K엔터테인먼트의 새로운 가능성을 열며, K컬처의 지속적인 성장과 글로벌 위상 제고를 위해 힘을 모을 것”이라고 밝혔다. 박로명 기자"
2023.04.17.,"포스코그룹, 카카오 넘어섰다 … 비결은 '2차전지'",url없음,<네이버 기사 없음>
2023.04.17.,"언총 ""'제평위' 좌파 원팀, 네이버-카카오는 해체하고 새롭게 구성하라""",url없음,<네이버 기사 없음>
2023.04.17.,"카카오VX, 골프존에 19억 배상해야..특허기술 침해 판결 선고",url없음,<네이버 기사 없음>
2023.04.17.,"카카오게임즈, ‘장애인 게임 접근성 향상을 위한 보조기기 지원 사업’ 희망자 모집",https://n.news.naver.com/mnews/article/009/0005117391?sid=105,"카카오게임즈는 ‘장애인 게임 접근성 향상을 위한 보조기기 지원 사업’ 희망자를 모집한다.카카오게임즈(대표 조계현)는 ‘장애인 게임 접근성 향상을 위한 보조기기 지원 사업’의 지원 희망자를 모집한다고 17일 밝혔다.지원 대상은 온라인 게임을 희망하는 서울시 및 경기도 거주 지체·뇌병변 장애인으로 지원 희망자는 5월 12일까지 경기도재활공학서비스연구지원센터(이하 센터) 또는 아름다운재단 홈페이지에서 신청서 등 관련 서류 다운로드 및 작성 후, 센터 이메일로 제출하면 된다.1차 서류 심사 결과는 5월 26일 센터 홈페이지와 개별 연락을 통해 공지된다.이후 공학전문가의 1:1 면담 및 게임 보조기기 활용성 평가를 거쳐 7월중 최종 지원자를 선정할 예정이다.이번에 제공되는 장애인 게임 보조기기에는 ▲보조기기 입력장치(키보드, 마우스, 스위치 등 PC, 태블릿, 휴대폰 연동 기기) ▲보조기기 보조장치(팔받침대, 거치대, 액세서리 등 기기 사용 보조) ▲자세 유지장치(책상, 의자, 랩보드, 벨터 등 기기 사용을 위한 자세 보조) 등이 포함된다."
2023.04.17.,"카카오게임즈, 장애인 게임 접근성 향상 위한 보조기기 지원 사업 희망자 모집",url없음,<네이버 기사 없음>
2023.04.17.,카카오페이 사용처 확장세 …갤럭시워치 이어 '애플앱스토어'도 가능,url없음,<네이버 기사 없음>
2023.04.17.,카카오·하이브·SM 플랫폼 협력…SM 아티스트 위버스에 입점,https://n.news.naver.com/mnews/article/016/0002131227?sid=105,"SM아티스트 공식커뮤니티 오픈기존 팬덤 플랫폼 ‘버블’과 공존“소통 강화...SM3.0 실현하겠다”김범수(왼쪽) 카카오 미래이니셔티브 센터장, 방시혁 하이브 의장에스엠(SM) 인수전에서 승기를 잡은 카카오가 하이브와 ‘플랫폼 협력’을 본격화한다. 앞서 에스엠 인수를 두고 하이브와 치열하게 ‘쩐의 전쟁’을 벌였던 카카오는 경영권을 갖는 대신 하이브와 협력하는 방향으로 합의했다.17일 하이브·카카오엔터·SM엔터테인먼트에 따르면 SM 소속 아티스트 12팀이 오는 9월까지 하이브 글로벌 팬덤 플랫폼 ‘위버스(Weverse)’에 공식 커뮤니티를 연다.이로써 SM 소속 아티스트들은 기존에 이용하던 SM의 팬 커뮤니티 플랫폼 ‘광야클럽’에서 위버스로 이동한다. 이곳에서 팬 소통과 미디어 콘텐츠 제공, ‘위버스 라이브’를 활용한 영상 라이브 등으로 글로벌 팬덤과 소통할 계획이다.아울러 앨범과 공식 상품 등을 구매할 수 있는 커머스 플랫폼 ‘위버스샵’에도 함께 입점한다. 글로벌 공식 팬클럽도 위버스의 ‘멤버십’ 서비스를 통해 운영될 예정이다. SM은 자회사 디어유가 운영 중인 프라이빗 메신저 ‘버블 (bubble)’과 위버스의 공존을 통해 팬 중심 ‘SM 3.0’을 실현하겠다는 구상이다.향후 SM 앨범·MD 등을 위버스를 통해서도 판매하지만 기존 판매 사이트인 ‘에스엠타운 앤드스토어(SMTOWN &STORE)’에서도 판매를 이어간다며 매출·수익이 상승할 것으로 예상했다.이번 SM의 위버스 입점은 지난달 하이브와 카카오, SM 간 사업 협력 논의의 결과다. 카카오와 SM은 사업 시너지를 구체화하기 위한 논의에 박차를 가하고 있다.하이브 방시혁 의장은 지난달 15일 서울 프레스센터에서 열린 관훈포럼에서 이와 관련 “(K팝 산업에) 가장 중요한 축의 하나인 플랫폼 협의에 대해 개인적으로 아주 만족한다”고 밝힌 바 있다.SM 측은 “SM은 위버스에 올 하반기까지 소속 아티스트별 공식 커뮤니티를 오픈하고, 멤버십 서비스를 통해 공식 팬클럽 서비스를 운영하는 등 다양한 방식으로 글로벌 팬들과 소통에 나설 것”이라고 밝혔다.카카오 측은 “카카오와 카카오엔터테인먼트, SM엔터테인먼트는 각 사의 사업 경쟁력을 융합한 시너지로 K팝, K엔터테인먼트의 새로운 가능성을 열며, K컬처의 지속적인 성장과 글로벌 위상 제고를 위해 힘을 모을 것”이라고 밝혔다. 박로명 기자"
2023.04.17.,"포스코그룹, 카카오 넘어섰다 … 비결은 '2차전지'",url없음,<네이버 기사 없음>
2023.04.17.,"언총 ""'제평위' 좌파 원팀, 네이버-카카오는 해체하고 새롭게 구성하라""",url없음,<네이버 기사 없음>
2023.04.17.,"카카오엔터프라이즈, 제주창조경제혁신센터와 지역 기반 스타트업 대상 클라우드-AI 지원",url없음,<네이버 기사 없음>
2023.04.17.,"카카오·하이브 사업 협력 본격화…SM엔터, ‘위버스’서 공식 커뮤니티 오픈",url없음,<네이버 기사 없음>
2023.04.17.,"카카오, 에코프로·포스코에 밀렸지만...전문가들은 '여기'에 주목",url없음,<네이버 기사 없음>
2023.04.17.,"카카오페이, 애플 앱스토어 카드결제 도입 론칭 프로모션",url없음,<네이버 기사 없음>
2023.04.17.,카카오·하이브·SM 플랫폼 협력…SM 아티스트 위버스에 입점,https://n.news.naver.com/mnews/article/016/0002131086?sid=105,"카카오 김범수 의장과 하이브 방시혁 의장 [헤럴드경제DB][헤럴드경제=박로명 기자] 에스엠(SM) 인수전에서 승기를 잡은 카카오가 하이브와 ‘플랫폼 협력’을 본격화한다. 앞서 에스엠 인수를 두고 하이브와 치열하게 ‘쩐의 전쟁’을 벌였던 카카오는 경영권을 갖는 대신 하이브와 협력하는 방향으로 합의했다.17일 하이브·카카오엔터·SM엔터테인먼트에 따르면 SM 소속 아티스트 12팀이 오는 9월까지 하이브 글로벌 팬덤 플랫폼 ‘위버스(Weverse)’에 공식 커뮤니티를 연다.이로써 SM 소속 아티스트들은 기존에 이용하던 SM의 팬 커뮤니티 플랫폼 ‘광야클럽’에서 위버스로 이동한다. 이곳에서 팬 소통과 미디어 콘텐츠 제공, ‘위버스 라이브’를 활용한 영상 라이브 등으로 글로벌 팬덤과 소통할 계획이다.아울러 앨범과 공식 상품 등을 구매할 수 있는 커머스 플랫폼 ‘위버스샵’에도 함께 입점한다. 글로벌 공식 팬클럽도 위버스의 '멤버십' 서비스를 통해 운영될 예정이다. SM은 자회사 디어유가 운영 중인 프라이빗 메신저 ‘버블 (bubble)’과 위버스의 공존을 통해 팬 중심 ‘SM 3.0’을 실현하겠다는 구상이다.[헤럴드경제DB]향후 SM 앨범·MD 등을 위버스를 통해서도 판매하지만 기존 판매 사이트인 ‘에스엠타운 앤드스토어(SMTOWN &STORE)’에서도 판매를 이어간다며 매출·수익이 상승할 것으로 예상했다.이번 SM의 위버스 입점은 지난달 하이브와 카카오, SM 간 사업 협력 논의의 결과다. 카카오와 SM은 사업 시너지를 구체화하기 위한 논의에 박차를 가하고 있다.하이브 방시혁 의장은 지난달 15일 서울 프레스센터에서 열린 관훈포럼에서 이와 관련 “(K팝 산업에) 가장 중요한 축의 하나인 플랫폼 협의에 대해 개인적으로 아주 만족한다”고 밝힌 바 있다.SM 측은 “SM은 위버스에 올 하반기까지 소속 아티스트별 공식 커뮤니티를 오픈하고, 멤버십 서비스를 통해 공식 팬클럽 서비스를 운영하는 등 다양한 방식으로 글로벌 팬들과 소통에 나설 것”이라고 밝혔다.카카오 측은 “카카오와 카카오엔터테인먼트, SM엔터테인먼트는 각 사의 사업 경쟁력을 융합한 시너지로 K팝, K엔터테인먼트의 새로운 가능성을 열며, K컬처의 지속적인 성장과 글로벌 위상 제고를 위해 힘을 모을 것”이라고 밝혔다."
2023.04.17.,"카카오게임즈, 장애인 게임 접근성 향상 위한 보조기기 지원 사업 희망자 모집",url없음,<네이버 기사 없음>
2023.04.17.,"골프존, '스크린골프 특허전쟁' 승소…특허법원 ""카카오VX·SGM이 침해""",url없음,<네이버 기사 없음>
2023.04.17.,"포스코그룹, 카카오 넘어섰다 … 비결은 '2차전지'",url없음,<네이버 기사 없음>
2023.04.17.,"언총 ""'제평위' 좌파 원팀, 네이버-카카오는 해체하고 새롭게 구성하라""",url없음,<네이버 기사 없음>
2023.04.17.,"카카오엔터프라이즈, 제주창조경제혁신센터와 지역 기반 스타트업 대상 클라우드-AI 지원",url없음,<네이버 기사 없음>
2023.04.17.,"카카오·하이브 사업 협력 본격화…SM엔터, ‘위버스’서 공식 커뮤니티 오픈",url없음,<네이버 기사 없음>
2023.04.17.,"카카오, 에코프로·포스코에 밀렸지만...전문가들은 '여기'에 주목",url없음,<네이버 기사 없음>
2023.04.17.,[골프홀릭] 카카오VX·말본골프·피레티·캘러웨이골프·혼가먼트 외,url없음,<네이버 기사 없음>
2023.04.17.,"포스코그룹, 카카오 넘어섰다 … 비결은 '2차전지'",url없음,<네이버 기사 없음>
2023.04.17.,"카카오페이, 애플페이 카드결제 도입 론칭 프로모션 진행",url없음,<네이버 기사 없음>
2023.04.17.,"카카오게임즈, 장애인 게임 보조기기 지원 사업 희망자 모집",url없음,<네이버 기사 없음>
2023.04.17.,"골프존 ""'카카오VX'·'에스지엠',특허 무단사용 제품 폐기·손해배상 선고""",url없음,<네이버 기사 없음>
2023.04.17.,"언총 ""'제평위' 좌파 원팀, 네이버-카카오는 해체하고 새롭게 구성하라""",url없음,<네이버 기사 없음>
2023.04.17.,"카카오엔터프라이즈, 제주창조경제혁신센터와 지역 기반 스타트업 대상 클라우드-AI 지원",url없음,<네이버 기사 없음>
2023.04.17.,"카카오·하이브 사업 협력 본격화…SM엔터, ‘위버스’서 공식 커뮤니티 오픈",url없음,<네이버 기사 없음>
2023.04.17.,"카카오, 에코프로·포스코에 밀렸지만...전문가들은 '여기'에 주목",url없음,<네이버 기사 없음>
2023.04.17.,[골프홀릭] 카카오VX·말본골프·피레티·캘러웨이골프·혼가먼트 외,url없음,<네이버 기사 없음>
2023.04.17.,"카카오게임즈 ""장애인 게임 접근성 높인다""…보조기기 지원 희망자 모집",url없음,<네이버 기사 없음>
2023.04.17.,[골프홀릭] 카카오VX·말본골프·피레티·캘러웨이골프·혼가먼트 외,url없음,<네이버 기사 없음>
2023.04.17.,"""애플 앱스토어에서 카카오페이로 카드결제 하세요""",url없음,<네이버 기사 없음>
2023.04.17.,"카카오게임즈, 장애인 게임 보조기기 지원 사업 희망자 모집",url없음,<네이버 기사 없음>
2023.04.17.,"카카오게임즈 ""장애인 게임 접근성 높인다""…보조기기 지원 희망자 모집",url없음,<네이버 기사 없음>
2023.04.17.,"골프존, 특허 무단사용한 '카카오VX·에스지엠' 대상 최종 승소",url없음,<네이버 기사 없음>
2023.04.17.,"하이브 위버스에 SM엔터 가수 12팀 들어온다, 카카오와 협력 논의 결과",url없음,<네이버 기사 없음>
2023.04.17.,"1분기 주춤한 네이버·카카오, AI·신사업으로 성장 이어간다",url없음,<네이버 기사 없음>
2023.04.17.,"카카오, 하이브와 사업 협력 스타트...""SM엔터 아티스트 공식 팬클럽 서비스 운영""",url없음,<네이버 기사 없음>
2023.04.17.,"언총 ""'제평위'의 좌파 폭주 방관...네이버·카카오도 공범""",url없음,<네이버 기사 없음>
2023.04.17.,"스토리작, 카카오엔터와 함께 창작자 인큐베이팅 프로그램 스타트",url없음,<네이버 기사 없음>
